,mean_fit_time,std_fit_time,mean_score_time,std_score_time,param_NN__alpha,param_NN__hidden_layer_sizes,param_km__n_clusters,params,split0_test_score,split1_test_score,split2_test_score,split3_test_score,split4_test_score,mean_test_score,std_test_score,rank_test_score,split0_train_score,split1_train_score,split2_train_score,split3_train_score,split4_train_score,mean_train_score,std_train_score
0,0.08776521682739258,0.01725153604996903,0.0015964508056640625,0.0004892012285225176,0.1,"(50, 50)",2,"{'NN__alpha': 0.1, 'NN__hidden_layer_sizes': (50, 50), 'km__n_clusters': 2}",0.9937888198757764,0.5000000000000001,0.5000000000000001,0.5000000000000001,0.5000000000000001,0.5990047613006455,0.19770053486151942,296,0.9945482866043612,0.5,0.49999999999999994,0.5000000000000001,0.5000000000000001,0.5989096573208722,0.1978193146417445
1,0.12426762580871582,0.010298786193196812,0.0013966560363769531,0.0004891032883973576,0.1,"(50, 50)",3,"{'NN__alpha': 0.1, 'NN__hidden_layer_sizes': (50, 50), 'km__n_clusters': 3}",1.0,1.0,1.0,1.0,1.0,1.0,0.0,1,1.0,1.0,1.0,1.0,1.0,1.0,0.0
2,0.11329770088195801,0.01923135270651207,0.0013959884643554687,0.0004881887003613673,0.1,"(50, 50)",4,"{'NN__alpha': 0.1, 'NN__hidden_layer_sizes': (50, 50), 'km__n_clusters': 4}",1.0,1.0,1.0,1.0,1.0,1.0,0.0,1,1.0,1.0,1.0,1.0,1.0,1.0,0.0
3,0.10970635414123535,0.004966356510463253,0.0015956878662109375,0.0007982016660153054,0.1,"(50, 50)",5,"{'NN__alpha': 0.1, 'NN__hidden_layer_sizes': (50, 50), 'km__n_clusters': 5}",1.0,1.0,1.0,1.0,1.0,1.0,0.0,1,1.0,1.0,1.0,1.0,1.0,1.0,0.0
4,0.12247214317321778,0.018588139190151422,0.001396512985229492,0.0004890255219635535,0.1,"(50, 50)",6,"{'NN__alpha': 0.1, 'NN__hidden_layer_sizes': (50, 50), 'km__n_clusters': 6}",1.0,1.0,1.0,1.0,1.0,1.0,0.0,1,1.0,1.0,1.0,1.0,1.0,1.0,0.0
5,0.10970625877380372,0.006585558871569484,0.001595926284790039,0.0004884803122198285,0.1,"(50, 50)",7,"{'NN__alpha': 0.1, 'NN__hidden_layer_sizes': (50, 50), 'km__n_clusters': 7}",1.0,1.0,1.0,0.9906250000000001,1.0,0.9981281263026262,0.0037476532355541973,229,1.0,1.0,1.0,0.9953343701399688,1.0,0.9990668740279938,0.0018662519440124647
6,0.11309762001037597,0.01197793281888575,0.0013961315155029297,0.0004886555540883141,0.1,"(50, 50)",8,"{'NN__alpha': 0.1, 'NN__hidden_layer_sizes': (50, 50), 'km__n_clusters': 8}",1.0,1.0,1.0,1.0,1.0,1.0,0.0,1,1.0,1.0,1.0,1.0,1.0,1.0,0.0
7,0.11828336715698243,0.00669302075737035,0.0015959739685058594,0.0004887139370213894,0.1,"(50, 50)",9,"{'NN__alpha': 0.1, 'NN__hidden_layer_sizes': (50, 50), 'km__n_clusters': 9}",1.0,1.0,1.0,1.0,1.0,1.0,0.0,1,1.0,1.0,1.0,1.0,1.0,1.0,0.0
8,0.1352382183074951,0.009474177006255717,0.0017954349517822266,0.00039906608600999926,0.1,"(50, 50)",10,"{'NN__alpha': 0.1, 'NN__hidden_layer_sizes': (50, 50), 'km__n_clusters': 10}",1.0,1.0,1.0,1.0,1.0,1.0,0.0,1,1.0,1.0,1.0,1.0,1.0,1.0,0.0
9,0.16715283393859864,0.015406683165866459,0.0021938800811767576,0.0009773888667874162,0.1,"(50, 50)",15,"{'NN__alpha': 0.1, 'NN__hidden_layer_sizes': (50, 50), 'km__n_clusters': 15}",1.0,1.0,1.0,1.0,1.0,1.0,0.0,1,1.0,1.0,1.0,1.0,1.0,1.0,0.0
10,0.19986486434936523,0.011381894823088132,0.0021942615509033202,0.00039894618955532533,0.1,"(50, 50)",20,"{'NN__alpha': 0.1, 'NN__hidden_layer_sizes': (50, 50), 'km__n_clusters': 20}",1.0,1.0,1.0,1.0,1.0,1.0,0.0,1,1.0,1.0,1.0,1.0,1.0,1.0,0.0
11,0.2513277053833008,0.015281757114323577,0.0021941661834716797,0.0009776230148916363,0.1,"(50, 50)",25,"{'NN__alpha': 0.1, 'NN__hidden_layer_sizes': (50, 50), 'km__n_clusters': 25}",1.0,1.0,1.0,1.0,1.0,1.0,0.0,1,1.0,1.0,0.9929906542056075,1.0,1.0,0.9985981308411216,0.0028037383177569983
12,0.2840430736541748,0.013613513324768548,0.0025930881500244142,0.0007981305054571951,0.1,"(50, 50)",30,"{'NN__alpha': 0.1, 'NN__hidden_layer_sizes': (50, 50), 'km__n_clusters': 30}",1.0,1.0,1.0,1.0,1.0,1.0,0.0,1,1.0,1.0,1.0,1.0,1.0,1.0,0.0
13,0.3388972759246826,0.022429283477010637,0.0029922962188720704,0.001092928425245111,0.1,"(50, 50)",35,"{'NN__alpha': 0.1, 'NN__hidden_layer_sizes': (50, 50), 'km__n_clusters': 35}",1.0,1.0,1.0,1.0,1.0,1.0,0.0,1,1.0,1.0,1.0,1.0,1.0,1.0,0.0
14,0.3777896881103516,0.019659954907288467,0.002193641662597656,0.0007462389460688074,0.1,"(50, 50)",40,"{'NN__alpha': 0.1, 'NN__hidden_layer_sizes': (50, 50), 'km__n_clusters': 40}",1.0,1.0,1.0,1.0,1.0,1.0,0.0,1,1.0,1.0,1.0,1.0,1.0,1.0,0.0
15,0.040890073776245116,0.002522890963279738,0.0009975433349609375,4.523674478771752e-07,0.1,"(50,)",2,"{'NN__alpha': 0.1, 'NN__hidden_layer_sizes': (50,), 'km__n_clusters': 2}",1.0,0.9906832298136645,1.0,0.9906250000000001,0.996875,0.9956400376450851,0.004225765076860531,237,1.0,0.9953271028037383,0.9929906542056075,0.9953343701399688,0.9937791601866252,0.9954862574671879,0.002431645055681439
16,0.05944056510925293,0.0021486813699084207,0.0011968135833740235,0.00039842195452598396,0.1,"(50,)",3,"{'NN__alpha': 0.1, 'NN__hidden_layer_sizes': (50,), 'km__n_clusters': 3}",1.0,1.0,1.0,1.0,1.0,1.0,0.0,1,1.0,1.0,1.0,1.0,1.0,1.0,0.0
17,0.08038482666015626,0.007993582450714305,0.001196908950805664,0.0003989698924769098,0.1,"(50,)",4,"{'NN__alpha': 0.1, 'NN__hidden_layer_sizes': (50,), 'km__n_clusters': 4}",1.0,1.0,1.0,1.0,1.0,1.0,0.0,1,1.0,1.0,1.0,1.0,1.0,1.0,0.0
18,0.07699337005615234,0.0019339444433667352,0.001396512985229492,0.0004889281279483547,0.1,"(50,)",5,"{'NN__alpha': 0.1, 'NN__hidden_layer_sizes': (50,), 'km__n_clusters': 5}",1.0,1.0,1.0,1.0,1.0,1.0,0.0,1,1.0,1.0,1.0,1.0,1.0,1.0,0.0
19,0.07400150299072265,0.008354924565411141,0.0011967658996582032,0.00039892208054677933,0.1,"(50,)",6,"{'NN__alpha': 0.1, 'NN__hidden_layer_sizes': (50,), 'km__n_clusters': 6}",1.0,0.9906832298136645,1.0,0.9906250000000001,0.996875,0.9956400376450851,0.004225765076860531,237,1.0,0.9953271028037383,0.9929906542056075,0.9953343701399688,0.9937791601866252,0.9954862574671879,0.002431645055681439
20,0.08038539886474609,0.00893391988318964,0.0011962413787841796,0.00039882731175370405,0.1,"(50,)",7,"{'NN__alpha': 0.1, 'NN__hidden_layer_sizes': (50,), 'km__n_clusters': 7}",1.0,1.0,1.0,0.5000000000000001,1.0,0.9001667361400584,0.19987483922955904,269,1.0,1.0,1.0,0.5000000000000001,1.0,0.9,0.19999999999999996
21,0.08317723274230956,0.0036020379631915736,0.0013966560363769531,0.0004889087677336798,0.1,"(50,)",8,"{'NN__alpha': 0.1, 'NN__hidden_layer_sizes': (50,), 'km__n_clusters': 8}",1.0,1.0,1.0,1.0,1.0,1.0,0.0,1,1.0,1.0,1.0,1.0,1.0,1.0,0.0
22,0.09713983535766602,0.006633514555556612,0.0009979724884033204,7.294205923451594e-07,0.1,"(50,)",9,"{'NN__alpha': 0.1, 'NN__hidden_layer_sizes': (50,), 'km__n_clusters': 9}",1.0,1.0,1.0,1.0,0.996875,0.9993760421008755,0.001249217745184762,216,1.0,1.0,1.0,1.0,0.9937791601866252,0.998755832037325,0.002488335925349938
23,0.10432090759277343,0.010918019492284492,0.0015956878662109375,0.0007982015805580717,0.1,"(50,)",10,"{'NN__alpha': 0.1, 'NN__hidden_layer_sizes': (50,), 'km__n_clusters': 10}",1.0,1.0,1.0,1.0,1.0,1.0,0.0,1,1.0,1.0,1.0,1.0,1.0,1.0,0.0
24,0.1352376937866211,0.007263486689879544,0.0023947238922119142,0.0011975607158036146,0.1,"(50,)",15,"{'NN__alpha': 0.1, 'NN__hidden_layer_sizes': (50,), 'km__n_clusters': 15}",1.0,1.0,1.0,0.9906250000000001,0.996875,0.9975041684035014,0.003642733724768277,233,1.0,1.0,1.0,0.9953343701399688,0.9937791601866252,0.9978227060653188,0.0027116012090455423
25,0.17134170532226561,0.016895423841775677,0.0021942138671875,0.0003995692354930212,0.1,"(50,)",20,"{'NN__alpha': 0.1, 'NN__hidden_layer_sizes': (50,), 'km__n_clusters': 20}",1.0,1.0,1.0,1.0,1.0,1.0,0.0,1,1.0,1.0,1.0,1.0,1.0,1.0,0.0
26,0.2080434799194336,0.009824860227999587,0.001595926284790039,0.0004889671157828317,0.1,"(50,)",25,"{'NN__alpha': 0.1, 'NN__hidden_layer_sizes': (50,), 'km__n_clusters': 25}",1.0,1.0,1.0,1.0,1.0,1.0,0.0,1,1.0,1.0,1.0,1.0,1.0,1.0,0.0
27,0.26967883110046387,0.021246617318521382,0.0021946907043457033,0.000746977460808413,0.1,"(50,)",30,"{'NN__alpha': 0.1, 'NN__hidden_layer_sizes': (50,), 'km__n_clusters': 30}",1.0,1.0,1.0,1.0,0.996875,0.9993760421008755,0.001249217745184762,216,1.0,1.0,1.0,1.0,0.9937791601866252,0.998755832037325,0.002488335925349938
28,0.3239339828491211,0.026809056769342678,0.0013953685760498048,0.0004891820696858553,0.1,"(50,)",35,"{'NN__alpha': 0.1, 'NN__hidden_layer_sizes': (50,), 'km__n_clusters': 35}",1.0,1.0,1.0,1.0,1.0,1.0,0.0,1,1.0,1.0,1.0,1.0,1.0,1.0,0.0
29,0.3400905132293701,0.01932872672592572,0.0011966228485107422,0.0003994704822538852,0.1,"(50,)",40,"{'NN__alpha': 0.1, 'NN__hidden_layer_sizes': (50,), 'km__n_clusters': 40}",1.0,1.0,1.0,1.0,1.0,1.0,0.0,1,1.0,1.0,1.0,1.0,1.0,1.0,0.0
30,0.057845020294189455,0.011681900185200274,0.0013968467712402344,0.00048855866806649,0.1,"(25,)",2,"{'NN__alpha': 0.1, 'NN__hidden_layer_sizes': (25,), 'km__n_clusters': 2}",0.4999999999999999,1.0,1.0,1.0,1.0,0.8997498957899125,0.20018733404216754,281,0.5000000000000001,1.0,1.0,1.0,1.0,0.9,0.19999999999999998
31,0.060638427734375,0.004434181659003229,0.0011962890625,0.0003983265301718058,0.1,"(25,)",3,"{'NN__alpha': 0.1, 'NN__hidden_layer_sizes': (25,), 'km__n_clusters': 3}",1.0,0.9347826086956521,0.9565217391304349,0.9656250000000001,0.9437500000000001,0.9601570287438607,0.02257154713340145,257,1.0,0.9587227414330217,0.9532710280373831,0.9510108864696734,0.9564541213063763,0.9638917554492907,0.018245871141198897
32,0.05106296539306641,0.006920075558795153,0.0011970043182373048,0.0003997564991222722,0.1,"(25,)",4,"{'NN__alpha': 0.1, 'NN__hidden_layer_sizes': (25,), 'km__n_clusters': 4}",0.5310559006211181,1.0,1.0,1.0,1.0,0.9059766103371228,0.18775333813892728,261,0.5498442367601247,1.0,1.0,1.0,1.0,0.9099688473520249,0.1800623052959501
33,0.06382880210876465,0.007803032084671761,0.0007975101470947266,0.00039875548338476997,0.1,"(25,)",5,"{'NN__alpha': 0.1, 'NN__hidden_layer_sizes': (25,), 'km__n_clusters': 5}",1.0,0.9906832298136645,1.0,0.9906250000000001,0.996875,0.9956400376450851,0.004225765076860531,237,1.0,0.9953271028037383,0.9929906542056075,0.9953343701399688,0.9937791601866252,0.9954862574671879,0.002431645055681439
34,0.05664811134338379,0.003420711022217622,0.000997304916381836,7.231593555499601e-07,0.1,"(25,)",6,"{'NN__alpha': 0.1, 'NN__hidden_layer_sizes': (25,), 'km__n_clusters': 6}",1.0,1.0,1.0,1.0,1.0,1.0,0.0,1,1.0,1.0,1.0,1.0,1.0,1.0,0.0
35,0.08178095817565918,0.009074476140222002,0.0009973526000976562,1.0160100818949944e-06,0.1,"(25,)",7,"{'NN__alpha': 0.1, 'NN__hidden_layer_sizes': (25,), 'km__n_clusters': 7}",0.4999999999999999,1.0,1.0,1.0,1.0,0.8997498957899125,0.20018733404216754,281,0.5000000000000001,1.0,1.0,1.0,1.0,0.9,0.19999999999999998
36,0.08118276596069336,0.00838262539146046,0.0007979393005371094,0.0003989702914079977,0.1,"(25,)",8,"{'NN__alpha': 0.1, 'NN__hidden_layer_sizes': (25,), 'km__n_clusters': 8}",1.0,1.0,1.0,1.0,1.0,1.0,0.0,1,1.0,1.0,1.0,1.0,1.0,1.0,0.0
37,0.08178105354309081,0.014710526186729337,0.0011969566345214843,0.0007462003435324863,0.1,"(25,)",9,"{'NN__alpha': 0.1, 'NN__hidden_layer_sizes': (25,), 'km__n_clusters': 9}",0.4999999999999999,0.9906832298136645,0.4999999999999999,0.5000000000000002,0.5000000000000001,0.5981775532765982,0.19630396575103884,297,0.5000000000000001,0.9953271028037383,0.5000000000000001,0.5,0.5,0.5990654205607477,0.1981308411214953
38,0.10392146110534668,0.005829315084882223,0.0021947383880615234,0.0015959024527271764,0.1,"(25,)",10,"{'NN__alpha': 0.1, 'NN__hidden_layer_sizes': (25,), 'km__n_clusters': 10}",1.0,1.0,1.0,1.0,1.0,1.0,0.0,1,1.0,1.0,1.0,1.0,1.0,1.0,0.0
39,0.1370330810546875,0.009865714472933395,0.0011968135833740235,0.00039925613697160605,0.1,"(25,)",15,"{'NN__alpha': 0.1, 'NN__hidden_layer_sizes': (25,), 'km__n_clusters': 15}",1.0,1.0,1.0,1.0,1.0,1.0,0.0,1,1.0,1.0,1.0,1.0,1.0,1.0,0.0
40,0.16376152038574218,0.015787522990865187,0.0009975433349609375,1.215700987241932e-06,0.1,"(25,)",20,"{'NN__alpha': 0.1, 'NN__hidden_layer_sizes': (25,), 'km__n_clusters': 20}",1.0,1.0,1.0,1.0,1.0,1.0,0.0,1,1.0,1.0,1.0,1.0,1.0,1.0,0.0
41,0.21881370544433593,0.015624411888848604,0.0021943092346191407,0.0007460604082140223,0.1,"(25,)",25,"{'NN__alpha': 0.1, 'NN__hidden_layer_sizes': (25,), 'km__n_clusters': 25}",1.0,1.0,1.0,1.0,1.0,1.0,0.0,1,1.0,1.0,1.0,1.0,1.0,1.0,0.0
42,0.25711212158203123,0.017152018268726487,0.0023940086364746095,0.0010173829097041116,0.1,"(25,)",30,"{'NN__alpha': 0.1, 'NN__hidden_layer_sizes': (25,), 'km__n_clusters': 30}",1.0,1.0,1.0,1.0,1.0,1.0,0.0,1,1.0,1.0,1.0,1.0,1.0,1.0,0.0
43,0.29002628326416013,0.02182785633512306,0.0019956111907958986,0.0006315808945222844,0.1,"(25,)",35,"{'NN__alpha': 0.1, 'NN__hidden_layer_sizes': (25,), 'km__n_clusters': 35}",1.0,1.0,1.0,1.0,1.0,1.0,0.0,1,1.0,1.0,1.0,1.0,1.0,1.0,0.0
44,0.34288754463195803,0.015466760294920969,0.0019948482513427734,0.0006310526438349472,0.1,"(25,)",40,"{'NN__alpha': 0.1, 'NN__hidden_layer_sizes': (25,), 'km__n_clusters': 40}",1.0,0.9906832298136645,1.0,1.0,1.0,0.9981358692415836,0.0037272904889438054,225,1.0,0.9953271028037383,1.0,1.0,1.0,0.9990654205607477,0.0018691588785046953
45,0.05645332336425781,0.005798487921364294,0.0013966083526611329,0.0004884609947696123,0.1,"(25, 25)",2,"{'NN__alpha': 0.1, 'NN__hidden_layer_sizes': (25, 25), 'km__n_clusters': 2}",1.0,1.0,1.0,1.0,1.0,1.0,0.0,1,1.0,1.0,1.0,1.0,1.0,1.0,0.0
46,0.05624961853027344,0.004990620932290621,0.0017951488494873046,0.000746824841525033,0.1,"(25, 25)",3,"{'NN__alpha': 0.1, 'NN__hidden_layer_sizes': (25, 25), 'km__n_clusters': 3}",1.0,0.5000000000000001,0.5000000000000001,0.5000000000000001,0.5000000000000001,0.6002501042100875,0.20018733404216746,289,1.0,0.5,0.49999999999999994,0.5000000000000001,0.5000000000000001,0.6,0.2
47,0.05924081802368164,0.006357870291534619,0.003591108322143555,0.004212932589757029,0.1,"(25, 25)",4,"{'NN__alpha': 0.1, 'NN__hidden_layer_sizes': (25, 25), 'km__n_clusters': 4}",0.5310559006211181,1.0,1.0,1.0,1.0,0.9059766103371228,0.18775333813892728,261,0.5498442367601247,1.0,1.0,1.0,1.0,0.9099688473520249,0.1800623052959501
48,0.06243252754211426,0.005337732594730587,0.002792978286743164,0.0011637916369662004,0.1,"(25, 25)",5,"{'NN__alpha': 0.1, 'NN__hidden_layer_sizes': (25, 25), 'km__n_clusters': 5}",1.0,1.0,1.0,0.5000000000000001,1.0,0.9001667361400584,0.19987483922955904,269,1.0,1.0,1.0,0.5000000000000001,1.0,0.9,0.19999999999999996
49,0.07519898414611817,0.005937303353925285,0.0017955303192138672,0.0009784984770336376,0.1,"(25, 25)",6,"{'NN__alpha': 0.1, 'NN__hidden_layer_sizes': (25, 25), 'km__n_clusters': 6}",1.0,1.0,1.0,1.0,1.0,1.0,0.0,1,1.0,1.0,1.0,1.0,1.0,1.0,0.0
50,0.08018507957458496,0.006955874270777349,0.0011968612670898438,0.00039887435409171316,0.1,"(25, 25)",7,"{'NN__alpha': 0.1, 'NN__hidden_layer_sizes': (25, 25), 'km__n_clusters': 7}",1.0,1.0,1.0,1.0,1.0,1.0,0.0,1,1.0,1.0,1.0,1.0,1.0,1.0,0.0
51,0.0987353801727295,0.015424742535481692,0.0029928207397460936,0.0012620299214777004,0.1,"(25, 25)",8,"{'NN__alpha': 0.1, 'NN__hidden_layer_sizes': (25, 25), 'km__n_clusters': 8}",1.0,1.0,0.5000000000000001,1.0,1.0,0.8999583159649854,0.20003125623998264,277,1.0,1.0,0.49999999999999994,1.0,1.0,0.9,0.20000000000000004
52,0.10352282524108887,0.003959137045023034,0.0011965274810791016,0.0003982069534878408,0.1,"(25, 25)",9,"{'NN__alpha': 0.1, 'NN__hidden_layer_sizes': (25, 25), 'km__n_clusters': 9}",1.0,1.0,1.0,1.0,1.0,1.0,0.0,1,1.0,1.0,1.0,1.0,1.0,1.0,0.0
53,0.10412158966064453,0.007531586811053554,0.0025932788848876953,0.0016211742847924294,0.1,"(25, 25)",10,"{'NN__alpha': 0.1, 'NN__hidden_layer_sizes': (25, 25), 'km__n_clusters': 10}",1.0,1.0,1.0,1.0,1.0,1.0,0.0,1,1.0,1.0,1.0,1.0,1.0,1.0,0.0
54,0.13584141731262206,0.005788447528615004,0.001994895935058594,0.0006312046289088787,0.1,"(25, 25)",15,"{'NN__alpha': 0.1, 'NN__hidden_layer_sizes': (25, 25), 'km__n_clusters': 15}",1.0,1.0,1.0,1.0,1.0,1.0,0.0,1,1.0,1.0,1.0,1.0,1.0,1.0,0.0
55,0.18151454925537108,0.01695977708526903,0.002792501449584961,0.0011627289566414594,0.1,"(25, 25)",20,"{'NN__alpha': 0.1, 'NN__hidden_layer_sizes': (25, 25), 'km__n_clusters': 20}",1.0,1.0,1.0,1.0,1.0,1.0,0.0,1,1.0,1.0,1.0,1.0,1.0,1.0,0.0
56,0.23118205070495607,0.009405381707998076,0.002393293380737305,0.0004895523967163143,0.1,"(25, 25)",25,"{'NN__alpha': 0.1, 'NN__hidden_layer_sizes': (25, 25), 'km__n_clusters': 25}",1.0,1.0,1.0,1.0,1.0,1.0,0.0,1,1.0,1.0,1.0,1.0,1.0,1.0,0.0
57,0.2704769134521484,0.022080387358597346,0.0025927066802978516,0.0011967503032690964,0.1,"(25, 25)",30,"{'NN__alpha': 0.1, 'NN__hidden_layer_sizes': (25, 25), 'km__n_clusters': 30}",1.0,1.0,1.0,1.0,1.0,1.0,0.0,1,1.0,1.0,1.0,1.0,1.0,1.0,0.0
58,0.30199193954467773,0.020462519646445427,0.0023940563201904296,0.0007987740413219073,0.1,"(25, 25)",35,"{'NN__alpha': 0.1, 'NN__hidden_layer_sizes': (25, 25), 'km__n_clusters': 35}",1.0,1.0,1.0,1.0,1.0,1.0,0.0,1,1.0,1.0,1.0,1.0,1.0,1.0,0.0
59,0.33789639472961425,0.02006048546755079,0.0033912181854248045,0.0004892405570971937,0.1,"(25, 25)",40,"{'NN__alpha': 0.1, 'NN__hidden_layer_sizes': (25, 25), 'km__n_clusters': 40}",1.0,1.0,1.0,1.0,1.0,1.0,0.0,1,1.0,1.0,1.0,1.0,1.0,1.0,0.0
60,0.1268608570098877,0.0034203716888083825,0.002592611312866211,0.0007977128719181474,0.1,"(100, 25, 100)",2,"{'NN__alpha': 0.1, 'NN__hidden_layer_sizes': (100, 25, 100), 'km__n_clusters': 2}",1.0,0.9906832298136645,1.0,0.9906250000000001,0.996875,0.9956400376450851,0.004225765076860531,237,1.0,0.9953271028037383,0.9929906542056075,0.9953343701399688,0.9937791601866252,0.9954862574671879,0.002431645055681439
61,0.20325641632080077,0.039327653736878944,0.002792167663574219,0.0011629166203279907,0.1,"(100, 25, 100)",3,"{'NN__alpha': 0.1, 'NN__hidden_layer_sizes': (100, 25, 100), 'km__n_clusters': 3}",0.9937888198757764,0.9906832298136645,1.0,0.9906250000000001,1.0,0.9950186526347675,0.0042234726636012285,253,0.9945482866043612,0.9953271028037383,0.9929906542056075,0.9953343701399688,1.0,0.9956400827507352,0.0023414433800122113
62,0.15917410850524902,0.012656278050434736,0.0025930881500244142,0.0007983088933926831,0.1,"(100, 25, 100)",4,"{'NN__alpha': 0.1, 'NN__hidden_layer_sizes': (100, 25, 100), 'km__n_clusters': 4}",1.0,1.0,1.0,1.0,1.0,1.0,0.0,1,1.0,1.0,1.0,1.0,1.0,1.0,0.0
63,0.14022459983825683,0.004990565609602938,0.003590965270996094,0.0011975051337245143,0.1,"(100, 25, 100)",5,"{'NN__alpha': 0.1, 'NN__hidden_layer_sizes': (100, 25, 100), 'km__n_clusters': 5}",1.0,1.0,1.0,1.0,1.0,1.0,0.0,1,1.0,1.0,1.0,1.0,1.0,1.0,0.0
64,0.17951974868774415,0.009953484428984145,0.0031914710998535156,0.00039887432558979505,0.1,"(100, 25, 100)",6,"{'NN__alpha': 0.1, 'NN__hidden_layer_sizes': (100, 25, 100), 'km__n_clusters': 6}",1.0,1.0,1.0,1.0,1.0,1.0,0.0,1,1.0,1.0,1.0,1.0,1.0,1.0,0.0
65,0.15698046684265138,0.0125615638311554,0.0031908035278320314,0.00039920946427168374,0.1,"(100, 25, 100)",7,"{'NN__alpha': 0.1, 'NN__hidden_layer_sizes': (100, 25, 100), 'km__n_clusters': 7}",1.0,1.0,1.0,1.0,1.0,1.0,0.0,1,1.0,1.0,1.0,1.0,1.0,1.0,0.0
66,0.18630199432373046,0.013267119434016064,0.0027927875518798826,0.0003990890696467079,0.1,"(100, 25, 100)",8,"{'NN__alpha': 0.1, 'NN__hidden_layer_sizes': (100, 25, 100), 'km__n_clusters': 8}",1.0,1.0,1.0,1.0,1.0,1.0,0.0,1,1.0,1.0,1.0,1.0,1.0,1.0,0.0
67,0.19767179489135742,0.009677774954613038,0.0027919769287109374,0.00039892202354976095,0.1,"(100, 25, 100)",9,"{'NN__alpha': 0.1, 'NN__hidden_layer_sizes': (100, 25, 100), 'km__n_clusters': 9}",1.0,1.0,1.0,1.0,1.0,1.0,0.0,1,1.0,1.0,1.0,1.0,1.0,1.0,0.0
68,0.18051838874816895,0.008416918219333092,0.003190755844116211,0.0003992345981558704,0.1,"(100, 25, 100)",10,"{'NN__alpha': 0.1, 'NN__hidden_layer_sizes': (100, 25, 100), 'km__n_clusters': 10}",1.0,1.0,1.0,1.0,1.0,1.0,0.0,1,1.0,1.0,1.0,1.0,1.0,1.0,0.0
69,0.2387612819671631,0.007371892155828829,0.003590297698974609,0.0007977844259863303,0.1,"(100, 25, 100)",15,"{'NN__alpha': 0.1, 'NN__hidden_layer_sizes': (100, 25, 100), 'km__n_clusters': 15}",1.0,1.0,1.0,1.0,1.0,1.0,0.0,1,1.0,1.0,1.0,1.0,1.0,1.0,0.0
70,0.2573129177093506,0.01210017790421099,0.002990436553955078,0.0006281890690944899,0.1,"(100, 25, 100)",20,"{'NN__alpha': 0.1, 'NN__hidden_layer_sizes': (100, 25, 100), 'km__n_clusters': 20}",1.0,1.0,1.0,1.0,1.0,1.0,0.0,1,1.0,1.0,1.0,1.0,1.0,1.0,0.0
71,0.30419044494628905,0.014659035229800438,0.003192710876464844,0.0009773245995902831,0.1,"(100, 25, 100)",25,"{'NN__alpha': 0.1, 'NN__hidden_layer_sizes': (100, 25, 100), 'km__n_clusters': 25}",1.0,1.0,1.0,1.0,1.0,1.0,0.0,1,1.0,1.0,1.0,1.0,1.0,1.0,0.0
72,0.3506616592407227,0.02067699130146405,0.0033906936645507813,0.0010171584262068595,0.1,"(100, 25, 100)",30,"{'NN__alpha': 0.1, 'NN__hidden_layer_sizes': (100, 25, 100), 'km__n_clusters': 30}",1.0,1.0,1.0,1.0,0.996875,0.9993760421008755,0.001249217745184762,216,1.0,1.0,1.0,1.0,0.9937791601866252,0.998755832037325,0.002488335925349938
73,0.405732250213623,0.023268272277134815,0.0027928829193115236,0.0007466843654992956,0.1,"(100, 25, 100)",35,"{'NN__alpha': 0.1, 'NN__hidden_layer_sizes': (100, 25, 100), 'km__n_clusters': 35}",1.0,1.0,1.0,1.0,1.0,1.0,0.0,1,1.0,1.0,1.0,1.0,1.0,1.0,0.0
74,0.43056364059448243,0.027300854109518206,0.0040911674499511715,0.0006630286274013631,0.1,"(100, 25, 100)",40,"{'NN__alpha': 0.1, 'NN__hidden_layer_sizes': (100, 25, 100), 'km__n_clusters': 40}",1.0,1.0,1.0,1.0,1.0,1.0,0.0,1,1.0,1.0,1.0,1.0,1.0,1.0,0.0
75,0.08138208389282227,0.013478320480080224,0.0017951488494873046,0.00039880302451653803,0.01,"(50, 50)",2,"{'NN__alpha': 0.01, 'NN__hidden_layer_sizes': (50, 50), 'km__n_clusters': 2}",1.0,0.5000000000000001,0.5000000000000001,0.5000000000000001,0.5000000000000001,0.6002501042100875,0.20018733404216746,289,1.0,0.5,0.49999999999999994,0.5000000000000001,0.5000000000000001,0.6,0.2
76,0.11648831367492676,0.009961107737692218,0.0015961647033691407,0.0004890646647542603,0.01,"(50, 50)",3,"{'NN__alpha': 0.01, 'NN__hidden_layer_sizes': (50, 50), 'km__n_clusters': 3}",1.0,1.0,1.0,1.0,1.0,1.0,0.0,1,1.0,1.0,1.0,1.0,1.0,1.0,0.0
77,0.11070380210876465,0.01548953541225532,0.0015963077545166015,0.0004887918507148753,0.01,"(50, 50)",4,"{'NN__alpha': 0.01, 'NN__hidden_layer_sizes': (50, 50), 'km__n_clusters': 4}",1.0,1.0,1.0,1.0,1.0,1.0,0.0,1,1.0,1.0,1.0,1.0,1.0,1.0,0.0
78,0.10551743507385254,0.0034211532059945813,0.001596212387084961,0.000798225445559374,0.01,"(50, 50)",5,"{'NN__alpha': 0.01, 'NN__hidden_layer_sizes': (50, 50), 'km__n_clusters': 5}",1.0,1.0,1.0,1.0,1.0,1.0,0.0,1,1.0,1.0,1.0,1.0,1.0,1.0,0.0
79,0.12047772407531739,0.020762063805265532,0.001396512985229492,0.0004886362482192342,0.01,"(50, 50)",6,"{'NN__alpha': 0.01, 'NN__hidden_layer_sizes': (50, 50), 'km__n_clusters': 6}",1.0,1.0,1.0,1.0,1.0,1.0,0.0,1,1.0,1.0,1.0,1.0,1.0,1.0,0.0
80,0.11110281944274902,0.006984333271174097,0.0023941993713378906,0.0007986427541187926,0.01,"(50, 50)",7,"{'NN__alpha': 0.01, 'NN__hidden_layer_sizes': (50, 50), 'km__n_clusters': 7}",1.0,1.0,1.0,0.9906250000000001,1.0,0.9981281263026262,0.0037476532355541973,229,1.0,1.0,1.0,0.9953343701399688,1.0,0.9990668740279938,0.0018662519440124647
81,0.11249923706054688,0.008817292989574043,0.001795339584350586,0.0007461745921628377,0.01,"(50, 50)",8,"{'NN__alpha': 0.01, 'NN__hidden_layer_sizes': (50, 50), 'km__n_clusters': 8}",1.0,1.0,1.0,1.0,1.0,1.0,0.0,1,1.0,1.0,1.0,1.0,1.0,1.0,0.0
82,0.1186826229095459,0.004370330347470533,0.001795339584350586,0.000977486370376648,0.01,"(50, 50)",9,"{'NN__alpha': 0.01, 'NN__hidden_layer_sizes': (50, 50), 'km__n_clusters': 9}",1.0,1.0,1.0,1.0,1.0,1.0,0.0,1,1.0,1.0,1.0,1.0,1.0,1.0,0.0
83,0.1382303237915039,0.006955171433939569,0.0017962455749511719,0.0007476921591556277,0.01,"(50, 50)",10,"{'NN__alpha': 0.01, 'NN__hidden_layer_sizes': (50, 50), 'km__n_clusters': 10}",1.0,1.0,1.0,1.0,1.0,1.0,0.0,1,1.0,1.0,1.0,1.0,1.0,1.0,0.0
84,0.1601710796356201,0.009067113382914528,0.0017953872680664062,0.0003988033951075599,0.01,"(50, 50)",15,"{'NN__alpha': 0.01, 'NN__hidden_layer_sizes': (50, 50), 'km__n_clusters': 15}",1.0,1.0,1.0,1.0,1.0,1.0,0.0,1,1.0,1.0,1.0,1.0,1.0,1.0,0.0
85,0.19826955795288087,0.010675241382788676,0.001994466781616211,5.761645304486548e-07,0.01,"(50, 50)",20,"{'NN__alpha': 0.01, 'NN__hidden_layer_sizes': (50, 50), 'km__n_clusters': 20}",1.0,1.0,1.0,1.0,1.0,1.0,0.0,1,1.0,1.0,1.0,1.0,1.0,1.0,0.0
86,0.2441472053527832,0.01192548164274067,0.0019942283630371093,8.064048063892252e-07,0.01,"(50, 50)",25,"{'NN__alpha': 0.01, 'NN__hidden_layer_sizes': (50, 50), 'km__n_clusters': 25}",1.0,1.0,1.0,1.0,1.0,1.0,0.0,1,1.0,1.0,0.9929906542056075,1.0,1.0,0.9985981308411216,0.0028037383177569983
87,0.28543663024902344,0.01786734358554537,0.0021944046020507812,0.00039947036841633376,0.01,"(50, 50)",30,"{'NN__alpha': 0.01, 'NN__hidden_layer_sizes': (50, 50), 'km__n_clusters': 30}",1.0,1.0,1.0,1.0,1.0,1.0,0.0,1,1.0,1.0,1.0,1.0,1.0,1.0,0.0
88,0.334305477142334,0.021889701014125792,0.003191041946411133,0.002393937145924373,0.01,"(50, 50)",35,"{'NN__alpha': 0.01, 'NN__hidden_layer_sizes': (50, 50), 'km__n_clusters': 35}",1.0,1.0,1.0,1.0,1.0,1.0,0.0,1,1.0,1.0,1.0,1.0,1.0,1.0,0.0
89,0.3755945682525635,0.020658112860577376,0.0023950576782226563,0.0007981564464659354,0.01,"(50, 50)",40,"{'NN__alpha': 0.01, 'NN__hidden_layer_sizes': (50, 50), 'km__n_clusters': 40}",1.0,1.0,1.0,1.0,1.0,1.0,0.0,1,1.0,1.0,1.0,1.0,1.0,1.0,0.0
90,0.04228687286376953,0.003763932818357035,0.0009975910186767578,1.1815559094776026e-06,0.01,"(50,)",2,"{'NN__alpha': 0.01, 'NN__hidden_layer_sizes': (50,), 'km__n_clusters': 2}",1.0,0.9906832298136645,1.0,0.9906250000000001,0.996875,0.9956400376450851,0.004225765076860531,237,1.0,0.9953271028037383,0.9929906542056075,0.9953343701399688,0.9937791601866252,0.9954862574671879,0.002431645055681439
91,0.060840797424316403,0.004601237452321557,0.001196908950805664,0.0003988506226895778,0.01,"(50,)",3,"{'NN__alpha': 0.01, 'NN__hidden_layer_sizes': (50,), 'km__n_clusters': 3}",1.0,1.0,1.0,1.0,1.0,1.0,0.0,1,1.0,1.0,1.0,1.0,1.0,1.0,0.0
92,0.07858929634094239,0.008401203307078319,0.0009978771209716796,0.000631354268925454,0.01,"(50,)",4,"{'NN__alpha': 0.01, 'NN__hidden_layer_sizes': (50,), 'km__n_clusters': 4}",1.0,1.0,1.0,1.0,1.0,1.0,0.0,1,1.0,1.0,1.0,1.0,1.0,1.0,0.0
93,0.07639555931091309,0.0020543134531777747,0.0011960506439208985,0.00039773014520449047,0.01,"(50,)",5,"{'NN__alpha': 0.01, 'NN__hidden_layer_sizes': (50,), 'km__n_clusters': 5}",1.0,1.0,1.0,1.0,1.0,1.0,0.0,1,1.0,1.0,1.0,1.0,1.0,1.0,0.0
94,0.07579979896545411,0.005580914357863527,0.0009975910186767578,1.784161275279017e-07,0.01,"(50,)",6,"{'NN__alpha': 0.01, 'NN__hidden_layer_sizes': (50,), 'km__n_clusters': 6}",1.0,0.9906832298136645,1.0,0.9906250000000001,0.996875,0.9956400376450851,0.004225765076860531,237,1.0,0.9953271028037383,0.9929906542056075,0.9953343701399688,0.9937791601866252,0.9954862574671879,0.002431645055681439
95,0.08078346252441407,0.008296268679876912,0.0009975433349609375,3.371747880871523e-07,0.01,"(50,)",7,"{'NN__alpha': 0.01, 'NN__hidden_layer_sizes': (50,), 'km__n_clusters': 7}",1.0,1.0,1.0,0.5000000000000001,1.0,0.9001667361400584,0.19987483922955904,269,1.0,1.0,1.0,0.5000000000000001,1.0,0.9,0.19999999999999996
96,0.07998394966125488,0.004607278763079386,0.0013973236083984375,0.0004892410450825758,0.01,"(50,)",8,"{'NN__alpha': 0.01, 'NN__hidden_layer_sizes': (50,), 'km__n_clusters': 8}",1.0,1.0,1.0,1.0,1.0,1.0,0.0,1,1.0,1.0,1.0,1.0,1.0,1.0,0.0
97,0.10352210998535157,0.006225796006362793,0.001197052001953125,0.00039901741945947783,0.01,"(50,)",9,"{'NN__alpha': 0.01, 'NN__hidden_layer_sizes': (50,), 'km__n_clusters': 9}",1.0,1.0,1.0,1.0,0.996875,0.9993760421008755,0.001249217745184762,216,1.0,1.0,1.0,1.0,0.9937791601866252,0.998755832037325,0.002488335925349938
98,0.10871119499206543,0.014498489967922227,0.0013962745666503905,0.0004884414717316938,0.01,"(50,)",10,"{'NN__alpha': 0.01, 'NN__hidden_layer_sizes': (50,), 'km__n_clusters': 10}",1.0,1.0,1.0,1.0,1.0,1.0,0.0,1,1.0,1.0,1.0,1.0,1.0,1.0,0.0
99,0.13723268508911132,0.0065727534617927704,0.00179595947265625,0.0007469776282237823,0.01,"(50,)",15,"{'NN__alpha': 0.01, 'NN__hidden_layer_sizes': (50,), 'km__n_clusters': 15}",1.0,1.0,1.0,0.9906250000000001,0.996875,0.9975041684035014,0.003642733724768277,233,1.0,1.0,1.0,0.9953343701399688,0.9937791601866252,0.9978227060653188,0.0027116012090455423
100,0.16495876312255858,0.008043174413219951,0.0015956401824951173,0.0004887336538767073,0.01,"(50,)",20,"{'NN__alpha': 0.01, 'NN__hidden_layer_sizes': (50,), 'km__n_clusters': 20}",1.0,1.0,1.0,1.0,1.0,1.0,0.0,1,1.0,1.0,1.0,1.0,1.0,1.0,0.0
101,0.21362800598144532,0.016331873821077866,0.0017953872680664062,0.0003991605132985345,0.01,"(50,)",25,"{'NN__alpha': 0.01, 'NN__hidden_layer_sizes': (50,), 'km__n_clusters': 25}",1.0,1.0,1.0,1.0,1.0,1.0,0.0,1,1.0,1.0,1.0,1.0,1.0,1.0,0.0
102,0.26888084411621094,0.022342533568235498,0.0013961315155029297,0.000489044882205526,0.01,"(50,)",30,"{'NN__alpha': 0.01, 'NN__hidden_layer_sizes': (50,), 'km__n_clusters': 30}",1.0,1.0,1.0,1.0,1.0,1.0,0.0,1,1.0,1.0,1.0,1.0,1.0,1.0,0.0
103,0.3102689743041992,0.01933238388914526,0.0013968944549560547,0.0007983447171439446,0.01,"(50,)",35,"{'NN__alpha': 0.01, 'NN__hidden_layer_sizes': (50,), 'km__n_clusters': 35}",1.0,1.0,1.0,1.0,1.0,1.0,0.0,1,1.0,1.0,1.0,1.0,1.0,1.0,0.0
104,0.3402900695800781,0.012494559432332662,0.001795339584350586,0.0003991368103037844,0.01,"(50,)",40,"{'NN__alpha': 0.01, 'NN__hidden_layer_sizes': (50,), 'km__n_clusters': 40}",1.0,1.0,1.0,1.0,1.0,1.0,0.0,1,1.0,1.0,1.0,1.0,1.0,1.0,0.0
105,0.05944118499755859,0.012828536455178396,0.000997018814086914,9.536743164062499e-08,0.01,"(25,)",2,"{'NN__alpha': 0.01, 'NN__hidden_layer_sizes': (25,), 'km__n_clusters': 2}",0.4999999999999999,1.0,1.0,1.0,1.0,0.8997498957899125,0.20018733404216754,281,0.5000000000000001,1.0,1.0,1.0,1.0,0.9,0.19999999999999998
106,0.056048345565795896,0.0035321954110948124,0.0011971950531005859,0.0003989477283787451,0.01,"(25,)",3,"{'NN__alpha': 0.01, 'NN__hidden_layer_sizes': (25,), 'km__n_clusters': 3}",1.0,0.9347826086956521,0.9565217391304349,0.9656250000000001,0.9437500000000001,0.9601570287438607,0.02257154713340145,257,1.0,0.9587227414330217,0.9532710280373831,0.9510108864696734,0.9564541213063763,0.9638917554492907,0.018245871141198897
107,0.04607720375061035,0.0022212921262788916,0.0009967803955078125,8.44957597096889e-07,0.01,"(25,)",4,"{'NN__alpha': 0.01, 'NN__hidden_layer_sizes': (25,), 'km__n_clusters': 4}",0.5310559006211181,1.0,1.0,1.0,1.0,0.9059766103371228,0.18775333813892728,261,0.5498442367601247,1.0,1.0,1.0,1.0,0.9099688473520249,0.1800623052959501
108,0.06163654327392578,0.006536766929451051,0.0009969234466552734,8.34124359347148e-07,0.01,"(25,)",5,"{'NN__alpha': 0.01, 'NN__hidden_layer_sizes': (25,), 'km__n_clusters': 5}",1.0,0.9906832298136645,1.0,0.9906250000000001,0.996875,0.9956400376450851,0.004225765076860531,237,1.0,0.9953271028037383,0.9929906542056075,0.9953343701399688,0.9937791601866252,0.9954862574671879,0.002431645055681439
109,0.054454374313354495,0.0023256823665203244,0.000997447967529297,3.2340669551493016e-07,0.01,"(25,)",6,"{'NN__alpha': 0.01, 'NN__hidden_layer_sizes': (25,), 'km__n_clusters': 6}",1.0,1.0,1.0,1.0,1.0,1.0,0.0,1,1.0,1.0,1.0,1.0,1.0,1.0,0.0
110,0.08198070526123047,0.013312470427222611,0.001396036148071289,0.0007985354092713854,0.01,"(25,)",7,"{'NN__alpha': 0.01, 'NN__hidden_layer_sizes': (25,), 'km__n_clusters': 7}",0.4999999999999999,1.0,1.0,1.0,1.0,0.8997498957899125,0.20018733404216754,281,0.5000000000000001,1.0,1.0,1.0,1.0,0.9,0.19999999999999998
111,0.08018527030944825,0.009723827229310499,0.0013964176177978516,0.0007982254598018211,0.01,"(25,)",8,"{'NN__alpha': 0.01, 'NN__hidden_layer_sizes': (25,), 'km__n_clusters': 8}",1.0,1.0,1.0,1.0,1.0,1.0,0.0,1,1.0,1.0,1.0,1.0,1.0,1.0,0.0
112,0.08537158966064454,0.015814696113717833,0.0013966560363769531,0.0007979870056229843,0.01,"(25,)",9,"{'NN__alpha': 0.01, 'NN__hidden_layer_sizes': (25,), 'km__n_clusters': 9}",0.4999999999999999,0.9906832298136645,0.4999999999999999,0.5000000000000002,0.5000000000000001,0.5981775532765982,0.19630396575103884,297,0.5000000000000001,0.9953271028037383,0.5000000000000001,0.5,0.5,0.5990654205607477,0.1981308411214953
113,0.10393471717834472,0.005859608955977624,0.0009970664978027344,6.397441799640054e-07,0.01,"(25,)",10,"{'NN__alpha': 0.01, 'NN__hidden_layer_sizes': (25,), 'km__n_clusters': 10}",1.0,1.0,1.0,1.0,1.0,1.0,0.0,1,1.0,1.0,1.0,1.0,1.0,1.0,0.0
114,0.13543701171875,0.010140214031117065,0.0009980201721191406,5.001110306597479e-07,0.01,"(25,)",15,"{'NN__alpha': 0.01, 'NN__hidden_layer_sizes': (25,), 'km__n_clusters': 15}",1.0,1.0,1.0,1.0,1.0,1.0,0.0,1,1.0,1.0,1.0,1.0,1.0,1.0,0.0
115,0.1561812400817871,0.011080921254584578,0.000997161865234375,3.568322550558034e-07,0.01,"(25,)",20,"{'NN__alpha': 0.01, 'NN__hidden_layer_sizes': (25,), 'km__n_clusters': 20}",1.0,1.0,1.0,1.0,1.0,1.0,0.0,1,1.0,1.0,1.0,1.0,1.0,1.0,0.0
116,0.21402711868286134,0.01041424374087445,0.0015956878662109375,0.0004889671855340435,0.01,"(25,)",25,"{'NN__alpha': 0.01, 'NN__hidden_layer_sizes': (25,), 'km__n_clusters': 25}",1.0,1.0,1.0,1.0,1.0,1.0,0.0,1,1.0,1.0,1.0,1.0,1.0,1.0,0.0
117,0.264292573928833,0.026258273254806407,0.003990364074707031,0.002600397113868301,0.01,"(25,)",30,"{'NN__alpha': 0.01, 'NN__hidden_layer_sizes': (25,), 'km__n_clusters': 30}",1.0,1.0,1.0,1.0,1.0,1.0,0.0,1,1.0,1.0,1.0,1.0,1.0,1.0,0.0
118,0.28644890785217286,0.017921717817116718,0.001795053482055664,0.0003987555974264082,0.01,"(25,)",35,"{'NN__alpha': 0.01, 'NN__hidden_layer_sizes': (25,), 'km__n_clusters': 35}",1.0,1.0,1.0,1.0,1.0,1.0,0.0,1,1.0,1.0,1.0,1.0,1.0,1.0,0.0
119,0.33609910011291505,0.022802757719874684,0.001994895935058594,0.0006305250288062828,0.01,"(25,)",40,"{'NN__alpha': 0.01, 'NN__hidden_layer_sizes': (25,), 'km__n_clusters': 40}",1.0,0.9906832298136645,1.0,1.0,1.0,0.9981358692415836,0.0037272904889438054,225,1.0,0.9953271028037383,1.0,1.0,1.0,0.9990654205607477,0.0018691588785046953
120,0.05685091018676758,0.005822550446004718,0.0033911705017089845,0.003313869917589387,0.01,"(25, 25)",2,"{'NN__alpha': 0.01, 'NN__hidden_layer_sizes': (25, 25), 'km__n_clusters': 2}",1.0,1.0,1.0,1.0,1.0,1.0,0.0,1,1.0,1.0,1.0,1.0,1.0,1.0,0.0
121,0.05684762001037598,0.008272934912008144,0.0015960216522216796,0.0004889476548060605,0.01,"(25, 25)",3,"{'NN__alpha': 0.01, 'NN__hidden_layer_sizes': (25, 25), 'km__n_clusters': 3}",1.0,0.5000000000000001,0.5000000000000001,0.5000000000000001,0.5000000000000001,0.6002501042100875,0.20018733404216746,289,1.0,0.5,0.49999999999999994,0.5000000000000001,0.5000000000000001,0.6,0.2
122,0.058244752883911136,0.0021488583097017616,0.002793025970458984,0.0009775641290020389,0.01,"(25, 25)",4,"{'NN__alpha': 0.01, 'NN__hidden_layer_sizes': (25, 25), 'km__n_clusters': 4}",0.5310559006211181,1.0,1.0,1.0,1.0,0.9059766103371228,0.18775333813892728,261,0.5498442367601247,1.0,1.0,1.0,1.0,0.9099688473520249,0.1800623052959501
123,0.06263322830200195,0.00353502822306383,0.0029919624328613283,0.0014113127114785554,0.01,"(25, 25)",5,"{'NN__alpha': 0.01, 'NN__hidden_layer_sizes': (25, 25), 'km__n_clusters': 5}",1.0,1.0,1.0,0.5000000000000001,1.0,0.9001667361400584,0.19987483922955904,269,1.0,1.0,1.0,0.5000000000000001,1.0,0.9,0.19999999999999996
124,0.07858867645263672,0.007526727108543056,0.001995086669921875,0.0010926234719009465,0.01,"(25, 25)",6,"{'NN__alpha': 0.01, 'NN__hidden_layer_sizes': (25, 25), 'km__n_clusters': 6}",1.0,1.0,1.0,1.0,1.0,1.0,0.0,1,1.0,1.0,1.0,1.0,1.0,1.0,0.0
125,0.08357558250427247,0.005548301291489317,0.001596212387084961,0.0007981659811273365,0.01,"(25, 25)",7,"{'NN__alpha': 0.01, 'NN__hidden_layer_sizes': (25, 25), 'km__n_clusters': 7}",1.0,1.0,1.0,1.0,1.0,1.0,0.0,1,1.0,1.0,1.0,1.0,1.0,1.0,0.0
126,0.10152850151062012,0.013296776918510203,0.0015958786010742188,0.0004881494174624682,0.01,"(25, 25)",8,"{'NN__alpha': 0.01, 'NN__hidden_layer_sizes': (25, 25), 'km__n_clusters': 8}",1.0,1.0,0.5000000000000001,1.0,1.0,0.8999583159649854,0.20003125623998264,277,1.0,1.0,0.49999999999999994,1.0,1.0,0.9,0.20000000000000004
127,0.10034160614013672,0.004007609262172909,0.0023943424224853516,0.0010177194192303425,0.01,"(25, 25)",9,"{'NN__alpha': 0.01, 'NN__hidden_layer_sizes': (25, 25), 'km__n_clusters': 9}",1.0,1.0,1.0,1.0,1.0,1.0,0.0,1,1.0,1.0,1.0,1.0,1.0,1.0,0.0
128,0.10611615180969239,0.008570070163947329,0.002593231201171875,0.001017336221824626,0.01,"(25, 25)",10,"{'NN__alpha': 0.01, 'NN__hidden_layer_sizes': (25, 25), 'km__n_clusters': 10}",1.0,1.0,1.0,1.0,1.0,1.0,0.0,1,1.0,1.0,1.0,1.0,1.0,1.0,0.0
129,0.13803162574768066,0.007585537008874386,0.0013960838317871095,0.0004884034847578288,0.01,"(25, 25)",15,"{'NN__alpha': 0.01, 'NN__hidden_layer_sizes': (25, 25), 'km__n_clusters': 15}",1.0,1.0,1.0,1.0,1.0,1.0,0.0,1,1.0,1.0,1.0,1.0,1.0,1.0,0.0
130,0.17952051162719726,0.019431945312371492,0.002393817901611328,0.0004894162747263149,0.01,"(25, 25)",20,"{'NN__alpha': 0.01, 'NN__hidden_layer_sizes': (25, 25), 'km__n_clusters': 20}",1.0,1.0,1.0,1.0,1.0,1.0,0.0,1,1.0,1.0,1.0,1.0,1.0,1.0,0.0
131,0.23517117500305176,0.007658095634795371,0.0019948482513427734,0.001262407019037208,0.01,"(25, 25)",25,"{'NN__alpha': 0.01, 'NN__hidden_layer_sizes': (25, 25), 'km__n_clusters': 25}",1.0,1.0,1.0,1.0,1.0,1.0,0.0,1,1.0,1.0,1.0,1.0,1.0,1.0,0.0
132,0.2676881790161133,0.020643777194703818,0.002792835235595703,0.0011639311191984606,0.01,"(25, 25)",30,"{'NN__alpha': 0.01, 'NN__hidden_layer_sizes': (25, 25), 'km__n_clusters': 30}",1.0,1.0,1.0,1.0,1.0,1.0,0.0,1,1.0,1.0,1.0,1.0,1.0,1.0,0.0
133,0.3009946346282959,0.017541887564569286,0.002992677688598633,0.001545480167052054,0.01,"(25, 25)",35,"{'NN__alpha': 0.01, 'NN__hidden_layer_sizes': (25, 25), 'km__n_clusters': 35}",1.0,1.0,1.0,1.0,1.0,1.0,0.0,1,1.0,1.0,1.0,1.0,1.0,1.0,0.0
134,0.33899507522583006,0.02160293720049027,0.002196645736694336,0.0007490793138814923,0.01,"(25, 25)",40,"{'NN__alpha': 0.01, 'NN__hidden_layer_sizes': (25, 25), 'km__n_clusters': 40}",1.0,1.0,1.0,1.0,1.0,1.0,0.0,1,1.0,1.0,1.0,1.0,1.0,1.0,0.0
135,0.13334503173828124,0.021780370690903002,0.003391551971435547,0.0010168686661275513,0.01,"(100, 25, 100)",2,"{'NN__alpha': 0.01, 'NN__hidden_layer_sizes': (100, 25, 100), 'km__n_clusters': 2}",1.0,0.9906832298136645,1.0,0.9906250000000001,0.996875,0.9956400376450851,0.004225765076860531,237,1.0,0.9953271028037383,0.9929906542056075,0.9953343701399688,0.9937791601866252,0.9954862574671879,0.002431645055681439
136,0.19667482376098633,0.04134006141979897,0.0027915477752685548,0.0007462007853598516,0.01,"(100, 25, 100)",3,"{'NN__alpha': 0.01, 'NN__hidden_layer_sizes': (100, 25, 100), 'km__n_clusters': 3}",0.9937888198757764,0.9906832298136645,1.0,0.9906250000000001,1.0,0.9950186526347675,0.0042234726636012285,253,0.9945482866043612,0.9953271028037383,0.9929906542056075,0.9953343701399688,1.0,0.9956400827507352,0.0023414433800122113
137,0.1593775272369385,0.011956229532232417,0.0021938323974609376,0.0003992801176122294,0.01,"(100, 25, 100)",4,"{'NN__alpha': 0.01, 'NN__hidden_layer_sizes': (100, 25, 100), 'km__n_clusters': 4}",1.0,1.0,1.0,1.0,1.0,1.0,0.0,1,1.0,1.0,1.0,1.0,1.0,1.0,0.0
138,0.14561090469360352,0.0050460081112964445,0.003191232681274414,0.00039863606389054407,0.01,"(100, 25, 100)",5,"{'NN__alpha': 0.01, 'NN__hidden_layer_sizes': (100, 25, 100), 'km__n_clusters': 5}",1.0,1.0,1.0,1.0,1.0,1.0,0.0,1,1.0,1.0,1.0,1.0,1.0,1.0,0.0
139,0.17952041625976561,0.010032709020246949,0.0027923107147216795,0.0003990888702405795,0.01,"(100, 25, 100)",6,"{'NN__alpha': 0.01, 'NN__hidden_layer_sizes': (100, 25, 100), 'km__n_clusters': 6}",1.0,1.0,1.0,1.0,1.0,1.0,0.0,1,1.0,1.0,1.0,1.0,1.0,1.0,0.0
140,0.1635622501373291,0.016783549867853412,0.0023934364318847655,0.0004885585051775579,0.01,"(100, 25, 100)",7,"{'NN__alpha': 0.01, 'NN__hidden_layer_sizes': (100, 25, 100), 'km__n_clusters': 7}",1.0,1.0,1.0,1.0,1.0,1.0,0.0,1,1.0,1.0,1.0,1.0,1.0,1.0,0.0
141,0.18171396255493164,0.016148172205142117,0.0023950576782226563,0.000490549400963599,0.01,"(100, 25, 100)",8,"{'NN__alpha': 0.01, 'NN__hidden_layer_sizes': (100, 25, 100), 'km__n_clusters': 8}",1.0,1.0,1.0,1.0,1.0,1.0,0.0,1,1.0,1.0,1.0,1.0,1.0,1.0,0.0
142,0.19009146690368653,0.005767636141205464,0.002991914749145508,0.0006308266718875347,0.01,"(100, 25, 100)",9,"{'NN__alpha': 0.01, 'NN__hidden_layer_sizes': (100, 25, 100), 'km__n_clusters': 9}",1.0,1.0,1.0,1.0,1.0,1.0,0.0,1,1.0,1.0,1.0,1.0,1.0,1.0,0.0
143,0.17852282524108887,0.00876315067874969,0.0035904407501220702,0.0007980347249521559,0.01,"(100, 25, 100)",10,"{'NN__alpha': 0.01, 'NN__hidden_layer_sizes': (100, 25, 100), 'km__n_clusters': 10}",1.0,1.0,1.0,1.0,1.0,1.0,0.0,1,1.0,1.0,1.0,1.0,1.0,1.0,0.0
144,0.24155426025390625,0.01190762484119609,0.00379033088684082,0.0007464041779462636,0.01,"(100, 25, 100)",15,"{'NN__alpha': 0.01, 'NN__hidden_layer_sizes': (100, 25, 100), 'km__n_clusters': 15}",1.0,1.0,1.0,1.0,1.0,1.0,0.0,1,1.0,1.0,1.0,1.0,1.0,1.0,0.0
145,0.25092806816101076,0.012905018699036203,0.00299224853515625,0.0006308264664380477,0.01,"(100, 25, 100)",20,"{'NN__alpha': 0.01, 'NN__hidden_layer_sizes': (100, 25, 100), 'km__n_clusters': 20}",1.0,1.0,1.0,1.0,1.0,1.0,0.0,1,1.0,1.0,1.0,1.0,1.0,1.0,0.0
146,0.3043853282928467,0.010878266325014204,0.002792024612426758,0.0003990661144982215,0.01,"(100, 25, 100)",25,"{'NN__alpha': 0.01, 'NN__hidden_layer_sizes': (100, 25, 100), 'km__n_clusters': 25}",1.0,1.0,1.0,1.0,1.0,1.0,0.0,1,1.0,1.0,1.0,1.0,1.0,1.0,0.0
147,0.347271203994751,0.015937303825496296,0.003390979766845703,0.0004887528395952576,0.01,"(100, 25, 100)",30,"{'NN__alpha': 0.01, 'NN__hidden_layer_sizes': (100, 25, 100), 'km__n_clusters': 30}",1.0,1.0,1.0,1.0,0.996875,0.9993760421008755,0.001249217745184762,216,1.0,1.0,1.0,1.0,0.9937791601866252,0.998755832037325,0.002488335925349938
148,0.40571889877319334,0.027328925069070604,0.0033908367156982424,0.0004882857296410351,0.01,"(100, 25, 100)",35,"{'NN__alpha': 0.01, 'NN__hidden_layer_sizes': (100, 25, 100), 'km__n_clusters': 35}",1.0,1.0,1.0,1.0,1.0,1.0,0.0,1,1.0,1.0,1.0,1.0,1.0,1.0,0.0
149,0.43224377632141114,0.023180552369940162,0.0029922962188720704,7.168434323488669e-07,0.01,"(100, 25, 100)",40,"{'NN__alpha': 0.01, 'NN__hidden_layer_sizes': (100, 25, 100), 'km__n_clusters': 40}",1.0,1.0,1.0,1.0,1.0,1.0,0.0,1,1.0,1.0,1.0,1.0,1.0,1.0,0.0
150,0.08257865905761719,0.010747878812705359,0.0015958309173583984,0.0004884024605583174,0.001,"(50, 50)",2,"{'NN__alpha': 0.001, 'NN__hidden_layer_sizes': (50, 50), 'km__n_clusters': 2}",1.0,0.5000000000000001,0.5000000000000001,0.5000000000000001,0.5000000000000001,0.6002501042100875,0.20018733404216746,289,1.0,0.5,0.49999999999999994,0.5000000000000001,0.5000000000000001,0.6,0.2
151,0.11748571395874023,0.007837454168912595,0.0013960838317871095,0.0004886946195007038,0.001,"(50, 50)",3,"{'NN__alpha': 0.001, 'NN__hidden_layer_sizes': (50, 50), 'km__n_clusters': 3}",1.0,1.0,1.0,1.0,1.0,1.0,0.0,1,1.0,1.0,1.0,1.0,1.0,1.0,0.0
152,0.10890851020812989,0.011255253430559907,0.001994943618774414,0.0006306756412507959,0.001,"(50, 50)",4,"{'NN__alpha': 0.001, 'NN__hidden_layer_sizes': (50, 50), 'km__n_clusters': 4}",1.0,1.0,1.0,1.0,1.0,1.0,0.0,1,1.0,1.0,1.0,1.0,1.0,1.0,0.0
153,0.10611634254455567,0.00470302861176154,0.001995086669921875,0.0010930153973909716,0.001,"(50, 50)",5,"{'NN__alpha': 0.001, 'NN__hidden_layer_sizes': (50, 50), 'km__n_clusters': 5}",1.0,1.0,1.0,1.0,1.0,1.0,0.0,1,1.0,1.0,1.0,1.0,1.0,1.0,0.0
154,0.12626447677612304,0.030520240088906938,0.0019928932189941405,4.802581143193883e-06,0.001,"(50, 50)",6,"{'NN__alpha': 0.001, 'NN__hidden_layer_sizes': (50, 50), 'km__n_clusters': 6}",1.0,1.0,1.0,1.0,1.0,1.0,0.0,1,1.0,1.0,1.0,1.0,1.0,1.0,0.0
155,0.10930752754211426,0.006811280707813299,0.0015963077545166015,0.0004886945962373333,0.001,"(50, 50)",7,"{'NN__alpha': 0.001, 'NN__hidden_layer_sizes': (50, 50), 'km__n_clusters': 7}",1.0,1.0,1.0,0.9906250000000001,1.0,0.9981281263026262,0.0037476532355541973,229,1.0,1.0,1.0,0.9953343701399688,1.0,0.9990668740279938,0.0018662519440124647
156,0.11289768218994141,0.006949914208232211,0.0011972427368164063,0.00039927971899069716,0.001,"(50, 50)",8,"{'NN__alpha': 0.001, 'NN__hidden_layer_sizes': (50, 50), 'km__n_clusters': 8}",1.0,1.0,1.0,1.0,1.0,1.0,0.0,1,1.0,1.0,1.0,1.0,1.0,1.0,0.0
157,0.11649188995361329,0.005954428455801306,0.0013963699340820313,0.0004892395346500531,0.001,"(50, 50)",9,"{'NN__alpha': 0.001, 'NN__hidden_layer_sizes': (50, 50), 'km__n_clusters': 9}",1.0,1.0,1.0,1.0,1.0,1.0,0.0,1,1.0,1.0,1.0,1.0,1.0,1.0,0.0
158,0.1370323657989502,0.005802191000447034,0.0011966705322265625,0.00039885048017148766,0.001,"(50, 50)",10,"{'NN__alpha': 0.001, 'NN__hidden_layer_sizes': (50, 50), 'km__n_clusters': 10}",1.0,1.0,1.0,1.0,1.0,1.0,0.0,1,1.0,1.0,1.0,1.0,1.0,1.0,0.0
159,0.1591780662536621,0.011069619014590248,0.0013964176177978516,0.0004888116528070912,0.001,"(50, 50)",15,"{'NN__alpha': 0.001, 'NN__hidden_layer_sizes': (50, 50), 'km__n_clusters': 15}",1.0,1.0,1.0,1.0,1.0,1.0,0.0,1,1.0,1.0,1.0,1.0,1.0,1.0,0.0
160,0.19617791175842286,0.01374479512956851,0.0019945144653320313,2.431401974483864e-07,0.001,"(50, 50)",20,"{'NN__alpha': 0.001, 'NN__hidden_layer_sizes': (50, 50), 'km__n_clusters': 20}",1.0,1.0,1.0,1.0,1.0,1.0,0.0,1,1.0,1.0,1.0,1.0,1.0,1.0,0.0
161,0.24705162048339843,0.012196856256836166,0.001994419097900391,7.599533772711385e-07,0.001,"(50, 50)",25,"{'NN__alpha': 0.001, 'NN__hidden_layer_sizes': (50, 50), 'km__n_clusters': 25}",1.0,1.0,1.0,1.0,1.0,1.0,0.0,1,1.0,1.0,0.9929906542056075,1.0,1.0,0.9985981308411216,0.0028037383177569983
162,0.28563656806945803,0.014392296613254616,0.002792167663574219,0.0011636937098535554,0.001,"(50, 50)",30,"{'NN__alpha': 0.001, 'NN__hidden_layer_sizes': (50, 50), 'km__n_clusters': 30}",1.0,1.0,1.0,1.0,1.0,1.0,0.0,1,1.0,1.0,1.0,1.0,1.0,1.0,0.0
163,0.40431880950927734,0.09548546537170954,0.002593851089477539,0.0007987499450556973,0.001,"(50, 50)",35,"{'NN__alpha': 0.001, 'NN__hidden_layer_sizes': (50, 50), 'km__n_clusters': 35}",1.0,1.0,1.0,1.0,1.0,1.0,0.0,1,1.0,1.0,1.0,1.0,1.0,1.0,0.0
164,0.38157958984375,0.025486477017613352,0.002194070816040039,0.000398684503243676,0.001,"(50, 50)",40,"{'NN__alpha': 0.001, 'NN__hidden_layer_sizes': (50, 50), 'km__n_clusters': 40}",1.0,1.0,1.0,1.0,1.0,1.0,0.0,1,1.0,1.0,1.0,1.0,1.0,1.0,0.0
165,0.039693021774291994,0.0017160557104691362,0.0009979248046875,0.0006315051840683107,0.001,"(50,)",2,"{'NN__alpha': 0.001, 'NN__hidden_layer_sizes': (50,), 'km__n_clusters': 2}",1.0,0.9906832298136645,1.0,0.9906250000000001,0.996875,0.9956400376450851,0.004225765076860531,237,1.0,0.9953271028037383,0.9929906542056075,0.9953343701399688,0.9937791601866252,0.9954862574671879,0.002431645055681439
166,0.056846904754638675,0.0025236450680452445,0.000997304916381836,3.371747880871523e-07,0.001,"(50,)",3,"{'NN__alpha': 0.001, 'NN__hidden_layer_sizes': (50,), 'km__n_clusters': 3}",1.0,1.0,1.0,1.0,1.0,1.0,0.0,1,1.0,1.0,1.0,1.0,1.0,1.0,0.0
167,0.08038482666015626,0.008190699239656835,0.000997638702392578,4.156969970265077e-07,0.001,"(50,)",4,"{'NN__alpha': 0.001, 'NN__hidden_layer_sizes': (50,), 'km__n_clusters': 4}",1.0,1.0,1.0,1.0,1.0,1.0,0.0,1,1.0,1.0,1.0,1.0,1.0,1.0,0.0
168,0.07459993362426758,0.00674660403363978,0.0009969234466552734,5.56082906231432e-07,0.001,"(50,)",5,"{'NN__alpha': 0.001, 'NN__hidden_layer_sizes': (50,), 'km__n_clusters': 5}",1.0,1.0,1.0,1.0,1.0,1.0,0.0,1,1.0,1.0,1.0,1.0,1.0,1.0,0.0
169,0.07659497261047363,0.006475318308349377,0.0009973526000976562,4.6231077741778654e-07,0.001,"(50,)",6,"{'NN__alpha': 0.001, 'NN__hidden_layer_sizes': (50,), 'km__n_clusters': 6}",1.0,0.9906832298136645,1.0,0.9906250000000001,0.996875,0.9956400376450851,0.004225765076860531,237,1.0,0.9953271028037383,0.9929906542056075,0.9953343701399688,0.9937791601866252,0.9954862574671879,0.002431645055681439
170,0.07819061279296875,0.01071535294638774,0.0015956878662109375,0.0004888697101317874,0.001,"(50,)",7,"{'NN__alpha': 0.001, 'NN__hidden_layer_sizes': (50,), 'km__n_clusters': 7}",1.0,1.0,1.0,0.5000000000000001,1.0,0.9001667361400584,0.19987483922955904,269,1.0,1.0,1.0,0.5000000000000001,1.0,0.9,0.19999999999999996
171,0.08178071975708008,0.007928969143096829,0.0009974956512451172,3.814697265625e-07,0.001,"(50,)",8,"{'NN__alpha': 0.001, 'NN__hidden_layer_sizes': (50,), 'km__n_clusters': 8}",1.0,1.0,1.0,1.0,1.0,1.0,0.0,1,1.0,1.0,1.0,1.0,1.0,1.0,0.0
172,0.0981369972229004,0.007919105302750095,0.0015960693359375,0.0007973196189815768,0.001,"(50,)",9,"{'NN__alpha': 0.001, 'NN__hidden_layer_sizes': (50,), 'km__n_clusters': 9}",1.0,1.0,1.0,1.0,0.996875,0.9993760421008755,0.001249217745184762,216,1.0,1.0,1.0,1.0,0.9937791601866252,0.998755832037325,0.002488335925349938
173,0.10272536277770997,0.00960799133477743,0.001994752883911133,0.0008925500875235355,0.001,"(50,)",10,"{'NN__alpha': 0.001, 'NN__hidden_layer_sizes': (50,), 'km__n_clusters': 10}",1.0,1.0,1.0,1.0,1.0,1.0,0.0,1,1.0,1.0,1.0,1.0,1.0,1.0,0.0
174,0.13803014755249024,0.007153135363113619,0.0019951820373535155,0.0010930152476135227,0.001,"(50,)",15,"{'NN__alpha': 0.001, 'NN__hidden_layer_sizes': (50,), 'km__n_clusters': 15}",1.0,1.0,1.0,0.9906250000000001,0.996875,0.9975041684035014,0.003642733724768277,233,1.0,1.0,1.0,0.9953343701399688,0.9937791601866252,0.9978227060653188,0.0027116012090455423
175,0.16994571685791016,0.011417203887201076,0.0023958683013916016,0.0018485828894861257,0.001,"(50,)",20,"{'NN__alpha': 0.001, 'NN__hidden_layer_sizes': (50,), 'km__n_clusters': 20}",1.0,1.0,1.0,1.0,1.0,1.0,0.0,1,1.0,1.0,1.0,1.0,1.0,1.0,0.0
176,0.2044528007507324,0.011194809155241027,0.0021948814392089844,0.0011628269376255632,0.001,"(50,)",25,"{'NN__alpha': 0.001, 'NN__hidden_layer_sizes': (50,), 'km__n_clusters': 25}",1.0,1.0,1.0,1.0,1.0,1.0,0.0,1,1.0,1.0,1.0,1.0,1.0,1.0,0.0
177,0.2678840160369873,0.013985339615064901,0.0015950202941894531,0.0004884227905168144,0.001,"(50,)",30,"{'NN__alpha': 0.001, 'NN__hidden_layer_sizes': (50,), 'km__n_clusters': 30}",1.0,1.0,1.0,1.0,1.0,1.0,0.0,1,1.0,1.0,1.0,1.0,1.0,1.0,0.0
178,0.31056928634643555,0.019231988218666694,0.0015956878662109375,0.00048818888666115825,0.001,"(50,)",35,"{'NN__alpha': 0.001, 'NN__hidden_layer_sizes': (50,), 'km__n_clusters': 35}",1.0,1.0,1.0,1.0,1.0,1.0,0.0,1,1.0,1.0,1.0,1.0,1.0,1.0,0.0
179,0.3365126609802246,0.01612864661486032,0.0019947052001953124,8.341243593471481e-07,0.001,"(50,)",40,"{'NN__alpha': 0.001, 'NN__hidden_layer_sizes': (50,), 'km__n_clusters': 40}",1.0,1.0,1.0,1.0,1.0,1.0,0.0,1,1.0,1.0,1.0,1.0,1.0,1.0,0.0
180,0.05984010696411133,0.011985269208969161,0.0011965274810791016,0.0003997570394633202,0.001,"(25,)",2,"{'NN__alpha': 0.001, 'NN__hidden_layer_sizes': (25,), 'km__n_clusters': 2}",0.4999999999999999,1.0,1.0,1.0,1.0,0.8997498957899125,0.20018733404216754,281,0.5000000000000001,1.0,1.0,1.0,1.0,0.9,0.19999999999999998
181,0.05406255722045898,0.0030435189495087297,0.000996875762939453,5.7220458984375e-07,0.001,"(25,)",3,"{'NN__alpha': 0.001, 'NN__hidden_layer_sizes': (25,), 'km__n_clusters': 3}",1.0,0.9347826086956521,0.9565217391304349,0.9656250000000001,0.9437500000000001,0.9601570287438607,0.02257154713340145,257,1.0,0.9587227414330217,0.9532710280373831,0.9510108864696734,0.9564541213063763,0.9638917554492907,0.018245871141198897
182,0.04468746185302734,0.0014708286466716513,0.0007975101470947266,0.00039875519828053163,0.001,"(25,)",4,"{'NN__alpha': 0.001, 'NN__hidden_layer_sizes': (25,), 'km__n_clusters': 4}",0.5310559006211181,1.0,1.0,1.0,1.0,0.9059766103371228,0.18775333813892728,261,0.5498442367601247,1.0,1.0,1.0,1.0,0.9099688473520249,0.1800623052959501
183,0.06103525161743164,0.004981810489138852,0.0009975910186767578,1.784161275279017e-07,0.001,"(25,)",5,"{'NN__alpha': 0.001, 'NN__hidden_layer_sizes': (25,), 'km__n_clusters': 5}",1.0,0.9906832298136645,1.0,0.9906250000000001,0.996875,0.9956400376450851,0.004225765076860531,237,1.0,0.9953271028037383,0.9929906542056075,0.9953343701399688,0.9937791601866252,0.9954862574671879,0.002431645055681439
184,0.056249237060546874,0.0041174937167025825,0.000996875762939453,3.504023183989303e-07,0.001,"(25,)",6,"{'NN__alpha': 0.001, 'NN__hidden_layer_sizes': (25,), 'km__n_clusters': 6}",1.0,1.0,1.0,1.0,1.0,1.0,0.0,1,1.0,1.0,1.0,1.0,1.0,1.0,0.0
185,0.08179731369018554,0.013269243989820743,0.0009972572326660157,6.97552625576391e-07,0.001,"(25,)",7,"{'NN__alpha': 0.001, 'NN__hidden_layer_sizes': (25,), 'km__n_clusters': 7}",0.4999999999999999,1.0,1.0,1.0,1.0,0.8997498957899125,0.20018733404216754,281,0.5000000000000001,1.0,1.0,1.0,1.0,0.9,0.19999999999999998
186,0.08078336715698242,0.008648961066271754,0.0007982730865478515,0.0003991366109215068,0.001,"(25,)",8,"{'NN__alpha': 0.001, 'NN__hidden_layer_sizes': (25,), 'km__n_clusters': 8}",1.0,1.0,1.0,1.0,1.0,1.0,0.0,1,1.0,1.0,1.0,1.0,1.0,1.0,0.0
187,0.08337569236755371,0.016742750277736335,0.0015967369079589843,0.000489143066445722,0.001,"(25,)",9,"{'NN__alpha': 0.001, 'NN__hidden_layer_sizes': (25,), 'km__n_clusters': 9}",0.4999999999999999,0.9906832298136645,0.4999999999999999,0.5000000000000002,0.5000000000000001,0.5981775532765982,0.19630396575103884,297,0.5000000000000001,0.9953271028037383,0.5000000000000001,0.5,0.5,0.5990654205607477,0.1981308411214953
188,0.10392217636108399,0.005584825823454448,0.0009970664978027344,7.835234034135334e-07,0.001,"(25,)",10,"{'NN__alpha': 0.001, 'NN__hidden_layer_sizes': (25,), 'km__n_clusters': 10}",1.0,1.0,1.0,1.0,1.0,1.0,0.0,1,1.0,1.0,1.0,1.0,1.0,1.0,0.0
189,0.13663740158081056,0.010143251091525593,0.0009974002838134765,4.422005889652111e-07,0.001,"(25,)",15,"{'NN__alpha': 0.001, 'NN__hidden_layer_sizes': (25,), 'km__n_clusters': 15}",1.0,1.0,1.0,1.0,1.0,1.0,0.0,1,1.0,1.0,1.0,1.0,1.0,1.0,0.0
190,0.15977272987365723,0.009860680804641146,0.0009971141815185546,6.97552625576391e-07,0.001,"(25,)",20,"{'NN__alpha': 0.001, 'NN__hidden_layer_sizes': (25,), 'km__n_clusters': 20}",1.0,1.0,1.0,1.0,1.0,1.0,0.0,1,1.0,1.0,1.0,1.0,1.0,1.0,0.0
191,0.20066299438476562,0.017956126995763242,0.0023937225341796875,0.0010167936292992243,0.001,"(25,)",25,"{'NN__alpha': 0.001, 'NN__hidden_layer_sizes': (25,), 'km__n_clusters': 25}",1.0,1.0,1.0,1.0,1.0,1.0,0.0,1,1.0,1.0,1.0,1.0,1.0,1.0,0.0
192,0.2522274971008301,0.017989894265758682,0.001994943618774414,0.000631053483353356,0.001,"(25,)",30,"{'NN__alpha': 0.001, 'NN__hidden_layer_sizes': (25,), 'km__n_clusters': 30}",1.0,1.0,1.0,1.0,1.0,1.0,0.0,1,1.0,1.0,1.0,1.0,1.0,1.0,0.0
193,0.2867342472076416,0.01862817800415108,0.001994800567626953,0.0006305248665317299,0.001,"(25,)",35,"{'NN__alpha': 0.001, 'NN__hidden_layer_sizes': (25,), 'km__n_clusters': 35}",1.0,1.0,1.0,1.0,1.0,1.0,0.0,1,1.0,1.0,1.0,1.0,1.0,1.0,0.0
194,0.3374964237213135,0.021497969329756606,0.0023939132690429686,0.0013528031901864222,0.001,"(25,)",40,"{'NN__alpha': 0.001, 'NN__hidden_layer_sizes': (25,), 'km__n_clusters': 40}",1.0,0.9906832298136645,1.0,1.0,1.0,0.9981358692415836,0.0037272904889438054,225,1.0,0.9953271028037383,1.0,1.0,1.0,0.9990654205607477,0.0018691588785046953
195,0.05584950447082519,0.006554971377905465,0.001994943618774414,0.0006308264303942712,0.001,"(25, 25)",2,"{'NN__alpha': 0.001, 'NN__hidden_layer_sizes': (25, 25), 'km__n_clusters': 2}",1.0,1.0,1.0,1.0,1.0,1.0,0.0,1,1.0,1.0,1.0,1.0,1.0,1.0,0.0
196,0.0552525520324707,0.005556369226751052,0.0021943569183349608,0.00039842232547145664,0.001,"(25, 25)",3,"{'NN__alpha': 0.001, 'NN__hidden_layer_sizes': (25, 25), 'km__n_clusters': 3}",1.0,0.5000000000000001,0.5000000000000001,0.5000000000000001,0.5000000000000001,0.6002501042100875,0.20018733404216746,289,1.0,0.5,0.49999999999999994,0.5000000000000001,0.5000000000000001,0.6,0.2
197,0.059241294860839844,0.004574590623176435,0.0015960693359375,0.0004878197851210654,0.001,"(25, 25)",4,"{'NN__alpha': 0.001, 'NN__hidden_layer_sizes': (25, 25), 'km__n_clusters': 4}",0.5310559006211181,1.0,1.0,1.0,1.0,0.9059766103371228,0.18775333813892728,261,0.5498442367601247,1.0,1.0,1.0,1.0,0.9099688473520249,0.1800623052959501
198,0.06263303756713867,0.004902603810255939,0.002393770217895508,0.0011981965344789352,0.001,"(25, 25)",5,"{'NN__alpha': 0.001, 'NN__hidden_layer_sizes': (25, 25), 'km__n_clusters': 5}",1.0,1.0,1.0,0.5000000000000001,1.0,0.9001667361400584,0.19987483922955904,269,1.0,1.0,1.0,0.5000000000000001,1.0,0.9,0.19999999999999996
199,0.07759184837341308,0.006225197055082795,0.0017954349517822266,0.0007462637507019352,0.001,"(25, 25)",6,"{'NN__alpha': 0.001, 'NN__hidden_layer_sizes': (25, 25), 'km__n_clusters': 6}",1.0,1.0,1.0,1.0,1.0,1.0,0.0,1,1.0,1.0,1.0,1.0,1.0,1.0,0.0
200,0.08058409690856934,0.0038058204347543576,0.001396942138671875,0.0004890646880000279,0.001,"(25, 25)",7,"{'NN__alpha': 0.001, 'NN__hidden_layer_sizes': (25, 25), 'km__n_clusters': 7}",1.0,1.0,1.0,1.0,1.0,1.0,0.0,1,1.0,1.0,1.0,1.0,1.0,1.0,0.0
201,0.10112938880920411,0.01404141542546693,0.0011970043182373048,0.0003992798328826041,0.001,"(25, 25)",8,"{'NN__alpha': 0.001, 'NN__hidden_layer_sizes': (25, 25), 'km__n_clusters': 8}",1.0,1.0,0.5000000000000001,1.0,1.0,0.8999583159649854,0.20003125623998264,277,1.0,1.0,0.49999999999999994,1.0,1.0,0.9,0.20000000000000004
202,0.09834070205688476,0.00623109881885172,0.0027936458587646484,0.0011633746847480027,0.001,"(25, 25)",9,"{'NN__alpha': 0.001, 'NN__hidden_layer_sizes': (25, 25), 'km__n_clusters': 9}",1.0,1.0,1.0,1.0,1.0,1.0,0.0,1,1.0,1.0,1.0,1.0,1.0,1.0,0.0
203,0.10691838264465332,0.00714587766656646,0.0023950576782226563,0.0014936570980044331,0.001,"(25, 25)",10,"{'NN__alpha': 0.001, 'NN__hidden_layer_sizes': (25, 25), 'km__n_clusters': 10}",1.0,1.0,1.0,1.0,1.0,1.0,0.0,1,1.0,1.0,1.0,1.0,1.0,1.0,0.0
204,0.13583984375,0.005467207427442522,0.003191852569580078,0.0011630069491016205,0.001,"(25, 25)",15,"{'NN__alpha': 0.001, 'NN__hidden_layer_sizes': (25, 25), 'km__n_clusters': 15}",1.0,1.0,1.0,1.0,1.0,1.0,0.0,1,1.0,1.0,1.0,1.0,1.0,1.0,0.0
205,0.18690028190612792,0.020230236440579728,0.0023939132690429686,0.0004893369363836602,0.001,"(25, 25)",20,"{'NN__alpha': 0.001, 'NN__hidden_layer_sizes': (25, 25), 'km__n_clusters': 20}",1.0,1.0,1.0,1.0,1.0,1.0,0.0,1,1.0,1.0,1.0,1.0,1.0,1.0,0.0
206,0.22400083541870117,0.008707569749513292,0.0025935649871826174,0.0004889477943140267,0.001,"(25, 25)",25,"{'NN__alpha': 0.001, 'NN__hidden_layer_sizes': (25, 25), 'km__n_clusters': 25}",1.0,1.0,1.0,1.0,1.0,1.0,0.0,1,1.0,1.0,1.0,1.0,1.0,1.0,0.0
207,0.27187314033508303,0.025758350603326357,0.0015955448150634765,0.0004887532815464373,0.001,"(25, 25)",30,"{'NN__alpha': 0.001, 'NN__hidden_layer_sizes': (25, 25), 'km__n_clusters': 30}",1.0,1.0,1.0,1.0,1.0,1.0,0.0,1,1.0,1.0,1.0,1.0,1.0,1.0,0.0
208,0.29959797859191895,0.013999688559756215,0.0017957210540771485,0.0003988506511931898,0.001,"(25, 25)",35,"{'NN__alpha': 0.001, 'NN__hidden_layer_sizes': (25, 25), 'km__n_clusters': 35}",1.0,1.0,1.0,1.0,1.0,1.0,0.0,1,1.0,1.0,1.0,1.0,1.0,1.0,0.0
209,0.3339113235473633,0.021083255694253955,0.002393484115600586,0.0007982257019233827,0.001,"(25, 25)",40,"{'NN__alpha': 0.001, 'NN__hidden_layer_sizes': (25, 25), 'km__n_clusters': 40}",1.0,1.0,1.0,1.0,1.0,1.0,0.0,1,1.0,1.0,1.0,1.0,1.0,1.0,0.0
210,0.1424206256866455,0.020383439746428363,0.002192068099975586,0.00039969130588068854,0.001,"(100, 25, 100)",2,"{'NN__alpha': 0.001, 'NN__hidden_layer_sizes': (100, 25, 100), 'km__n_clusters': 2}",1.0,0.9906832298136645,1.0,0.9906250000000001,0.996875,0.9956400376450851,0.004225765076860531,237,1.0,0.9953271028037383,0.9929906542056075,0.9953343701399688,0.9937791601866252,0.9954862574671879,0.002431645055681439
211,0.18410830497741698,0.030418522608758183,0.002393341064453125,0.0004880521514367926,0.001,"(100, 25, 100)",3,"{'NN__alpha': 0.001, 'NN__hidden_layer_sizes': (100, 25, 100), 'km__n_clusters': 3}",0.9937888198757764,0.9906832298136645,1.0,0.9906250000000001,1.0,0.9950186526347675,0.0042234726636012285,253,0.9945482866043612,0.9953271028037383,0.9929906542056075,0.9953343701399688,1.0,0.9956400827507352,0.0023414433800122113
212,0.15917425155639647,0.013179742702821823,0.002194118499755859,0.0003988983348838814,0.001,"(100, 25, 100)",4,"{'NN__alpha': 0.001, 'NN__hidden_layer_sizes': (100, 25, 100), 'km__n_clusters': 4}",1.0,1.0,1.0,1.0,1.0,1.0,0.0,1,1.0,1.0,1.0,1.0,1.0,1.0,0.0
213,0.14341678619384765,0.0023091173543762205,0.002393198013305664,0.0004883635580085585,0.001,"(100, 25, 100)",5,"{'NN__alpha': 0.001, 'NN__hidden_layer_sizes': (100, 25, 100), 'km__n_clusters': 5}",1.0,1.0,1.0,1.0,1.0,1.0,0.0,1,1.0,1.0,1.0,1.0,1.0,1.0,0.0
214,0.17971925735473632,0.01429187351488756,0.002194786071777344,0.00039880427882322227,0.001,"(100, 25, 100)",6,"{'NN__alpha': 0.001, 'NN__hidden_layer_sizes': (100, 25, 100), 'km__n_clusters': 6}",1.0,1.0,1.0,1.0,1.0,1.0,0.0,1,1.0,1.0,1.0,1.0,1.0,1.0,0.0
215,0.1579895496368408,0.013381225465198387,0.0027927398681640626,0.0003990651458975228,0.001,"(100, 25, 100)",7,"{'NN__alpha': 0.001, 'NN__hidden_layer_sizes': (100, 25, 100), 'km__n_clusters': 7}",1.0,1.0,1.0,1.0,1.0,1.0,0.0,1,1.0,1.0,1.0,1.0,1.0,1.0,0.0
216,0.17594103813171386,0.011358738005008652,0.0031919479370117188,0.0011633174028436593,0.001,"(100, 25, 100)",8,"{'NN__alpha': 0.001, 'NN__hidden_layer_sizes': (100, 25, 100), 'km__n_clusters': 8}",1.0,1.0,1.0,1.0,1.0,1.0,0.0,1,1.0,1.0,1.0,1.0,1.0,1.0,0.0
217,0.19009184837341309,0.007478959210998414,0.0021938323974609376,0.0007459324260895463,0.001,"(100, 25, 100)",9,"{'NN__alpha': 0.001, 'NN__hidden_layer_sizes': (100, 25, 100), 'km__n_clusters': 9}",1.0,1.0,1.0,1.0,1.0,1.0,0.0,1,1.0,1.0,1.0,1.0,1.0,1.0,0.0
218,0.17752509117126464,0.006585118386297728,0.002992105484008789,5.917393515582494e-07,0.001,"(100, 25, 100)",10,"{'NN__alpha': 0.001, 'NN__hidden_layer_sizes': (100, 25, 100), 'km__n_clusters': 10}",1.0,1.0,1.0,1.0,1.0,1.0,0.0,1,1.0,1.0,1.0,1.0,1.0,1.0,0.0
219,0.23636741638183595,0.009291225290035673,0.002792501449584961,0.0003990650889209379,0.001,"(100, 25, 100)",15,"{'NN__alpha': 0.001, 'NN__hidden_layer_sizes': (100, 25, 100), 'km__n_clusters': 15}",1.0,1.0,1.0,1.0,1.0,1.0,0.0,1,1.0,1.0,1.0,1.0,1.0,1.0,0.0
220,0.2521254062652588,0.014730714846808721,0.0035905361175537108,0.001196408398883404,0.001,"(100, 25, 100)",20,"{'NN__alpha': 0.001, 'NN__hidden_layer_sizes': (100, 25, 100), 'km__n_clusters': 20}",1.0,1.0,1.0,1.0,1.0,1.0,0.0,1,1.0,1.0,1.0,1.0,1.0,1.0,0.0
221,0.30139913558959963,0.013758526681478544,0.0039901256561279295,0.0016697793121306238,0.001,"(100, 25, 100)",25,"{'NN__alpha': 0.001, 'NN__hidden_layer_sizes': (100, 25, 100), 'km__n_clusters': 25}",1.0,1.0,1.0,1.0,1.0,1.0,0.0,1,1.0,1.0,1.0,1.0,1.0,1.0,0.0
222,0.34329047203063967,0.011052433864256264,0.002991771697998047,2.431401974483864e-07,0.001,"(100, 25, 100)",30,"{'NN__alpha': 0.001, 'NN__hidden_layer_sizes': (100, 25, 100), 'km__n_clusters': 30}",1.0,1.0,1.0,1.0,0.996875,0.9993760421008755,0.001249217745184762,216,1.0,1.0,1.0,1.0,0.9937791601866252,0.998755832037325,0.002488335925349938
223,0.40691137313842773,0.02443774132139204,0.003192281723022461,0.0003987097101395524,0.001,"(100, 25, 100)",35,"{'NN__alpha': 0.001, 'NN__hidden_layer_sizes': (100, 25, 100), 'km__n_clusters': 35}",1.0,1.0,1.0,1.0,1.0,1.0,0.0,1,1.0,1.0,1.0,1.0,1.0,1.0,0.0
224,0.42825660705566404,0.01780504394769307,0.0029898166656494142,2.2738683734066706e-06,0.001,"(100, 25, 100)",40,"{'NN__alpha': 0.001, 'NN__hidden_layer_sizes': (100, 25, 100), 'km__n_clusters': 40}",1.0,1.0,1.0,1.0,1.0,1.0,0.0,1,1.0,1.0,1.0,1.0,1.0,1.0,0.0
225,0.08178067207336426,0.012662508614365976,0.0015959739685058594,0.0007984638854830088,0.0001,"(50, 50)",2,"{'NN__alpha': 0.0001, 'NN__hidden_layer_sizes': (50, 50), 'km__n_clusters': 2}",1.0,0.5000000000000001,0.5000000000000001,0.5000000000000001,0.5000000000000001,0.6002501042100875,0.20018733404216746,289,1.0,0.5,0.49999999999999994,0.5000000000000001,0.5000000000000001,0.6,0.2
226,0.1156895637512207,0.011545471152790107,0.002194118499755859,0.0009772916559243824,0.0001,"(50, 50)",3,"{'NN__alpha': 0.0001, 'NN__hidden_layer_sizes': (50, 50), 'km__n_clusters': 3}",1.0,1.0,1.0,1.0,1.0,1.0,0.0,1,1.0,1.0,1.0,1.0,1.0,1.0,0.0
227,0.1061159610748291,0.012011238090859631,0.0023941993713378906,0.0018507894521387963,0.0001,"(50, 50)",4,"{'NN__alpha': 0.0001, 'NN__hidden_layer_sizes': (50, 50), 'km__n_clusters': 4}",1.0,1.0,1.0,1.0,1.0,1.0,0.0,1,1.0,1.0,1.0,1.0,1.0,1.0,0.0
228,0.10741486549377441,0.0017164722662460225,0.0019946575164794924,0.0006312039084648426,0.0001,"(50, 50)",5,"{'NN__alpha': 0.0001, 'NN__hidden_layer_sizes': (50, 50), 'km__n_clusters': 5}",1.0,1.0,1.0,1.0,1.0,1.0,0.0,1,1.0,1.0,1.0,1.0,1.0,1.0,0.0
229,0.11838560104370117,0.02137698620586709,0.001396512985229492,0.0004887334212615316,0.0001,"(50, 50)",6,"{'NN__alpha': 0.0001, 'NN__hidden_layer_sizes': (50, 50), 'km__n_clusters': 6}",1.0,1.0,1.0,1.0,1.0,1.0,0.0,1,1.0,1.0,1.0,1.0,1.0,1.0,0.0
230,0.10890870094299317,0.006030493634333523,0.001795482635498047,0.0007463403714278054,0.0001,"(50, 50)",7,"{'NN__alpha': 0.0001, 'NN__hidden_layer_sizes': (50, 50), 'km__n_clusters': 7}",1.0,1.0,1.0,0.9906250000000001,1.0,0.9981281263026262,0.0037476532355541973,229,1.0,1.0,1.0,0.9953343701399688,1.0,0.9990668740279938,0.0018662519440124647
231,0.11389541625976562,0.012669352463994933,0.001994943618774414,0.0006306006297814414,0.0001,"(50, 50)",8,"{'NN__alpha': 0.0001, 'NN__hidden_layer_sizes': (50, 50), 'km__n_clusters': 8}",1.0,1.0,1.0,1.0,1.0,1.0,0.0,1,1.0,1.0,1.0,1.0,1.0,1.0,0.0
232,0.1154909610748291,0.0031792559828013045,0.001795339584350586,0.0011631210871409737,0.0001,"(50, 50)",9,"{'NN__alpha': 0.0001, 'NN__hidden_layer_sizes': (50, 50), 'km__n_clusters': 9}",1.0,1.0,1.0,1.0,1.0,1.0,0.0,1,1.0,1.0,1.0,1.0,1.0,1.0,0.0
233,0.13543701171875,0.006776454439052904,0.0015956401824951173,0.00048814953390921594,0.0001,"(50, 50)",10,"{'NN__alpha': 0.0001, 'NN__hidden_layer_sizes': (50, 50), 'km__n_clusters': 10}",1.0,1.0,1.0,1.0,1.0,1.0,0.0,1,1.0,1.0,1.0,1.0,1.0,1.0,0.0
234,0.16196656227111816,0.009578864634104565,0.001796388626098633,0.0003996662234739252,0.0001,"(50, 50)",15,"{'NN__alpha': 0.0001, 'NN__hidden_layer_sizes': (50, 50), 'km__n_clusters': 15}",1.0,1.0,1.0,1.0,1.0,1.0,0.0,1,1.0,1.0,1.0,1.0,1.0,1.0,0.0
235,0.19986567497253419,0.014084537449625043,0.0021942138671875,0.00040016251023930867,0.0001,"(50, 50)",20,"{'NN__alpha': 0.0001, 'NN__hidden_layer_sizes': (50, 50), 'km__n_clusters': 20}",1.0,1.0,1.0,1.0,1.0,1.0,0.0,1,1.0,1.0,1.0,1.0,1.0,1.0,0.0
236,0.2453434944152832,0.015994421207228524,0.0021938800811767576,0.0009772917373543043,0.0001,"(50, 50)",25,"{'NN__alpha': 0.0001, 'NN__hidden_layer_sizes': (50, 50), 'km__n_clusters': 25}",1.0,1.0,1.0,1.0,1.0,1.0,0.0,1,1.0,1.0,0.9929906542056075,1.0,1.0,0.9985981308411216,0.0028037383177569983
237,0.28942532539367677,0.01757542851498496,0.0021943092346191407,0.0003992801460851807,0.0001,"(50, 50)",30,"{'NN__alpha': 0.0001, 'NN__hidden_layer_sizes': (50, 50), 'km__n_clusters': 30}",1.0,1.0,1.0,1.0,1.0,1.0,0.0,1,1.0,1.0,1.0,1.0,1.0,1.0,0.0
238,0.3341062068939209,0.015463549336907181,0.001994895935058594,5.091227651611e-07,0.0001,"(50, 50)",35,"{'NN__alpha': 0.0001, 'NN__hidden_layer_sizes': (50, 50), 'km__n_clusters': 35}",1.0,1.0,1.0,1.0,1.0,1.0,0.0,1,1.0,1.0,1.0,1.0,1.0,1.0,0.0
239,0.3708082675933838,0.021753600101483556,0.0023935794830322265,0.0004884414950071202,0.0001,"(50, 50)",40,"{'NN__alpha': 0.0001, 'NN__hidden_layer_sizes': (50, 50), 'km__n_clusters': 40}",1.0,1.0,1.0,1.0,1.0,1.0,0.0,1,1.0,1.0,1.0,1.0,1.0,1.0,0.0
240,0.04268560409545898,0.003959451747220401,0.0009973526000976562,7.294205923451594e-07,0.0001,"(50,)",2,"{'NN__alpha': 0.0001, 'NN__hidden_layer_sizes': (50,), 'km__n_clusters': 2}",1.0,0.9906832298136645,1.0,0.9906250000000001,0.996875,0.9956400376450851,0.004225765076860531,237,1.0,0.9953271028037383,0.9929906542056075,0.9953343701399688,0.9937791601866252,0.9954862574671879,0.002431645055681439
241,0.06143498420715332,0.0022390799792780603,0.0009974956512451172,3.814697265625e-07,0.0001,"(50,)",3,"{'NN__alpha': 0.0001, 'NN__hidden_layer_sizes': (50,), 'km__n_clusters': 3}",1.0,1.0,1.0,1.0,1.0,1.0,0.0,1,1.0,1.0,1.0,1.0,1.0,1.0,0.0
242,0.07978615760803223,0.010461104382217389,0.0009966850280761718,1.353747326524581e-06,0.0001,"(50,)",4,"{'NN__alpha': 0.0001, 'NN__hidden_layer_sizes': (50,), 'km__n_clusters': 4}",1.0,1.0,1.0,1.0,1.0,1.0,0.0,1,1.0,1.0,1.0,1.0,1.0,1.0,0.0
243,0.07639546394348144,0.0032527447756911464,0.000997638702392578,1.9073486328124998e-07,0.0001,"(50,)",5,"{'NN__alpha': 0.0001, 'NN__hidden_layer_sizes': (50,), 'km__n_clusters': 5}",1.0,1.0,1.0,1.0,1.0,1.0,0.0,1,1.0,1.0,1.0,1.0,1.0,1.0,0.0
244,0.0767937183380127,0.008807861464327072,0.0013963699340820313,0.000488850198765397,0.0001,"(50,)",6,"{'NN__alpha': 0.0001, 'NN__hidden_layer_sizes': (50,), 'km__n_clusters': 6}",1.0,0.9906832298136645,1.0,0.9906250000000001,0.996875,0.9956400376450851,0.004225765076860531,237,1.0,0.9953271028037383,0.9929906542056075,0.9953343701399688,0.9937791601866252,0.9954862574671879,0.002431645055681439
245,0.08118271827697754,0.009197027755828225,0.0011973857879638671,0.00040028116191654267,0.0001,"(50,)",7,"{'NN__alpha': 0.0001, 'NN__hidden_layer_sizes': (50,), 'km__n_clusters': 7}",1.0,1.0,1.0,0.5000000000000001,1.0,0.9001667361400584,0.19987483922955904,269,1.0,1.0,1.0,0.5000000000000001,1.0,0.9,0.19999999999999996
246,0.08038802146911621,0.0038571026061772285,0.0009974956512451172,1.784161275279017e-07,0.0001,"(50,)",8,"{'NN__alpha': 0.0001, 'NN__hidden_layer_sizes': (50,), 'km__n_clusters': 8}",1.0,1.0,1.0,1.0,1.0,1.0,0.0,1,1.0,1.0,1.0,1.0,1.0,1.0,0.0
247,0.09793782234191895,0.004694608174605404,0.0013967990875244141,0.0004891813027590159,0.0001,"(50,)",9,"{'NN__alpha': 0.0001, 'NN__hidden_layer_sizes': (50,), 'km__n_clusters': 9}",1.0,1.0,1.0,1.0,0.996875,0.9993760421008755,0.001249217745184762,216,1.0,1.0,1.0,1.0,0.9937791601866252,0.998755832037325,0.002488335925349938
248,0.10751519203186036,0.009783894541870376,0.0011970996856689453,0.00039911284384046996,0.0001,"(50,)",10,"{'NN__alpha': 0.0001, 'NN__hidden_layer_sizes': (50,), 'km__n_clusters': 10}",1.0,1.0,1.0,1.0,1.0,1.0,0.0,1,1.0,1.0,1.0,1.0,1.0,1.0,0.0
249,0.13942675590515136,0.011165787647830579,0.002393817901611328,0.0007984166645398249,0.0001,"(50,)",15,"{'NN__alpha': 0.0001, 'NN__hidden_layer_sizes': (50,), 'km__n_clusters': 15}",1.0,1.0,1.0,0.9906250000000001,0.996875,0.9975041684035014,0.003642733724768277,233,1.0,1.0,1.0,0.9953343701399688,0.9937791601866252,0.9978227060653188,0.0027116012090455423
250,0.16615581512451172,0.008777271632357603,0.0023934364318847655,0.0010181217858741612,0.0001,"(50,)",20,"{'NN__alpha': 0.0001, 'NN__hidden_layer_sizes': (50,), 'km__n_clusters': 20}",1.0,1.0,1.0,1.0,1.0,1.0,0.0,1,1.0,1.0,1.0,1.0,1.0,1.0,0.0
251,0.2108365535736084,0.012966583236111544,0.0019950389862060545,0.0006311286355429657,0.0001,"(50,)",25,"{'NN__alpha': 0.0001, 'NN__hidden_layer_sizes': (50,), 'km__n_clusters': 25}",1.0,1.0,1.0,1.0,1.0,1.0,0.0,1,1.0,1.0,1.0,1.0,1.0,1.0,0.0
252,0.26389322280883787,0.017429727188319973,0.0017955303192138672,0.000399351134229062,0.0001,"(50,)",30,"{'NN__alpha': 0.0001, 'NN__hidden_layer_sizes': (50,), 'km__n_clusters': 30}",1.0,1.0,1.0,1.0,1.0,1.0,0.0,1,1.0,1.0,1.0,1.0,1.0,1.0,0.0
253,0.30817437171936035,0.02050547685445109,0.001594877243041992,0.0004883080154772103,0.0001,"(50,)",35,"{'NN__alpha': 0.0001, 'NN__hidden_layer_sizes': (50,), 'km__n_clusters': 35}",1.0,1.0,1.0,1.0,1.0,1.0,0.0,1,1.0,1.0,1.0,1.0,1.0,1.0,0.0
254,0.3420844554901123,0.012662782765416006,0.0017956256866455077,0.00039892205204827114,0.0001,"(50,)",40,"{'NN__alpha': 0.0001, 'NN__hidden_layer_sizes': (50,), 'km__n_clusters': 40}",1.0,1.0,1.0,1.0,1.0,1.0,0.0,1,1.0,1.0,1.0,1.0,1.0,1.0,0.0
255,0.06163444519042969,0.014095911357419036,0.0007981300354003906,0.00039906554473338935,0.0001,"(25,)",2,"{'NN__alpha': 0.0001, 'NN__hidden_layer_sizes': (25,), 'km__n_clusters': 2}",0.4999999999999999,1.0,1.0,1.0,1.0,0.8997498957899125,0.20018733404216754,281,0.5000000000000001,1.0,1.0,1.0,1.0,0.9,0.19999999999999998
256,0.055651092529296876,0.004107143769239178,0.000997638702392578,0.0006309018294709438,0.0001,"(25,)",3,"{'NN__alpha': 0.0001, 'NN__hidden_layer_sizes': (25,), 'km__n_clusters': 3}",1.0,0.9347826086956521,0.9565217391304349,0.9656250000000001,0.9437500000000001,0.9601570287438607,0.02257154713340145,257,1.0,0.9587227414330217,0.9532710280373831,0.9510108864696734,0.9564541213063763,0.9638917554492907,0.018245871141198897
257,0.04487967491149902,0.0025233056648081343,0.0011968612670898438,0.0003988744395974553,0.0001,"(25,)",4,"{'NN__alpha': 0.0001, 'NN__hidden_layer_sizes': (25,), 'km__n_clusters': 4}",0.5310559006211181,1.0,1.0,1.0,1.0,0.9059766103371228,0.18775333813892728,261,0.5498442367601247,1.0,1.0,1.0,1.0,0.9099688473520249,0.1800623052959501
258,0.05944118499755859,0.008286306073479363,0.0007975578308105468,0.0003987796423774396,0.0001,"(25,)",5,"{'NN__alpha': 0.0001, 'NN__hidden_layer_sizes': (25,), 'km__n_clusters': 5}",1.0,0.9906832298136645,1.0,0.9906250000000001,0.996875,0.9956400376450851,0.004225765076860531,237,1.0,0.9953271028037383,0.9929906542056075,0.9953343701399688,0.9937791601866252,0.9954862574671879,0.002431645055681439
259,0.05545177459716797,0.0029992634750568314,0.0009971141815185546,0.0006304495486005389,0.0001,"(25,)",6,"{'NN__alpha': 0.0001, 'NN__hidden_layer_sizes': (25,), 'km__n_clusters': 6}",1.0,1.0,1.0,1.0,1.0,1.0,0.0,1,1.0,1.0,1.0,1.0,1.0,1.0,0.0
260,0.0801856517791748,0.010084658812359454,0.0009970664978027344,0.0006302988785228884,0.0001,"(25,)",7,"{'NN__alpha': 0.0001, 'NN__hidden_layer_sizes': (25,), 'km__n_clusters': 7}",0.4999999999999999,1.0,1.0,1.0,1.0,0.8997498957899125,0.20018733404216754,281,0.5000000000000001,1.0,1.0,1.0,1.0,0.9,0.19999999999999998
261,0.08038392066955566,0.00955761842244945,0.0011972904205322266,0.00039901770437635514,0.0001,"(25,)",8,"{'NN__alpha': 0.0001, 'NN__hidden_layer_sizes': (25,), 'km__n_clusters': 8}",1.0,1.0,1.0,1.0,1.0,1.0,0.0,1,1.0,1.0,1.0,1.0,1.0,1.0,0.0
262,0.0833770751953125,0.01611297021235109,0.0019945621490478514,0.0012621052372266937,0.0001,"(25,)",9,"{'NN__alpha': 0.0001, 'NN__hidden_layer_sizes': (25,), 'km__n_clusters': 9}",0.4999999999999999,0.9906832298136645,0.4999999999999999,0.5000000000000002,0.5000000000000001,0.5981775532765982,0.19630396575103884,297,0.5000000000000001,0.9953271028037383,0.5000000000000001,0.5,0.5,0.5990654205607477,0.1981308411214953
263,0.10910792350769043,0.007317999337780823,0.000997447967529297,3.8738433859996607e-07,0.0001,"(25,)",10,"{'NN__alpha': 0.0001, 'NN__hidden_layer_sizes': (25,), 'km__n_clusters': 10}",1.0,1.0,1.0,1.0,1.0,1.0,0.0,1,1.0,1.0,1.0,1.0,1.0,1.0,0.0
264,0.13483920097351074,0.008726804167863556,0.001596355438232422,0.0011969090315418042,0.0001,"(25,)",15,"{'NN__alpha': 0.0001, 'NN__hidden_layer_sizes': (25,), 'km__n_clusters': 15}",1.0,1.0,1.0,1.0,1.0,1.0,0.0,1,1.0,1.0,1.0,1.0,1.0,1.0,0.0
265,0.15418834686279298,0.009965544844310257,0.0009966373443603515,1.6198432685339956e-06,0.0001,"(25,)",20,"{'NN__alpha': 0.0001, 'NN__hidden_layer_sizes': (25,), 'km__n_clusters': 20}",1.0,1.0,1.0,1.0,1.0,1.0,0.0,1,1.0,1.0,1.0,1.0,1.0,1.0,0.0
266,0.2016606330871582,0.010895680037206616,0.001994466781616211,0.0006310531050297478,0.0001,"(25,)",25,"{'NN__alpha': 0.0001, 'NN__hidden_layer_sizes': (25,), 'km__n_clusters': 25}",1.0,1.0,1.0,1.0,1.0,1.0,0.0,1,1.0,1.0,1.0,1.0,1.0,1.0,0.0
267,0.2511284351348877,0.021589581646116032,0.001795339584350586,0.00039937611117381777,0.0001,"(25,)",30,"{'NN__alpha': 0.0001, 'NN__hidden_layer_sizes': (25,), 'km__n_clusters': 30}",1.0,1.0,1.0,1.0,1.0,1.0,0.0,1,1.0,1.0,1.0,1.0,1.0,1.0,0.0
268,0.28364109992980957,0.017509742562612212,0.001995372772216797,0.001262557712707757,0.0001,"(25,)",35,"{'NN__alpha': 0.0001, 'NN__hidden_layer_sizes': (25,), 'km__n_clusters': 35}",1.0,1.0,1.0,1.0,1.0,1.0,0.0,1,1.0,1.0,1.0,1.0,1.0,1.0,0.0
269,0.3418856620788574,0.015467913212531787,0.002393293380737305,0.0004896488771485483,0.0001,"(25,)",40,"{'NN__alpha': 0.0001, 'NN__hidden_layer_sizes': (25,), 'km__n_clusters': 40}",1.0,0.9906832298136645,1.0,1.0,1.0,0.9981358692415836,0.0037272904889438054,225,1.0,0.9953271028037383,1.0,1.0,1.0,0.9990654205607477,0.0018691588785046953
270,0.05764589309692383,0.005021797417275516,0.0011965274810791016,0.0003992798328826041,0.0001,"(25, 25)",2,"{'NN__alpha': 0.0001, 'NN__hidden_layer_sizes': (25, 25), 'km__n_clusters': 2}",1.0,1.0,1.0,1.0,1.0,1.0,0.0,1,1.0,1.0,1.0,1.0,1.0,1.0,0.0
271,0.05505185127258301,0.0078379396151078,0.0017957210540771485,0.0007465950470523299,0.0001,"(25, 25)",3,"{'NN__alpha': 0.0001, 'NN__hidden_layer_sizes': (25, 25), 'km__n_clusters': 3}",1.0,0.5000000000000001,0.5000000000000001,0.5000000000000001,0.5000000000000001,0.6002501042100875,0.20018733404216746,289,1.0,0.5,0.49999999999999994,0.5000000000000001,0.5000000000000001,0.6,0.2
272,0.06043825149536133,0.00381592828319018,0.001994752883911133,0.0015451412953755691,0.0001,"(25, 25)",4,"{'NN__alpha': 0.0001, 'NN__hidden_layer_sizes': (25, 25), 'km__n_clusters': 4}",0.5310559006211181,1.0,1.0,1.0,1.0,0.9059766103371228,0.18775333813892728,261,0.5498442367601247,1.0,1.0,1.0,1.0,0.9099688473520249,0.1800623052959501
273,0.06502652168273926,0.006288662035274835,0.005784320831298828,0.007120054776845919,0.0001,"(25, 25)",5,"{'NN__alpha': 0.0001, 'NN__hidden_layer_sizes': (25, 25), 'km__n_clusters': 5}",1.0,1.0,1.0,0.5000000000000001,1.0,0.9001667361400584,0.19987483922955904,269,1.0,1.0,1.0,0.5000000000000001,1.0,0.9,0.19999999999999996
274,0.07878937721252441,0.007952684378619028,0.001994466781616211,0.0006313548451434866,0.0001,"(25, 25)",6,"{'NN__alpha': 0.0001, 'NN__hidden_layer_sizes': (25, 25), 'km__n_clusters': 6}",1.0,1.0,1.0,1.0,1.0,1.0,0.0,1,1.0,1.0,1.0,1.0,1.0,1.0,0.0
275,0.082379150390625,0.005662874577455641,0.0015964031219482422,0.0007984996282454404,0.0001,"(25, 25)",7,"{'NN__alpha': 0.0001, 'NN__hidden_layer_sizes': (25, 25), 'km__n_clusters': 7}",1.0,1.0,1.0,1.0,1.0,1.0,0.0,1,1.0,1.0,1.0,1.0,1.0,1.0,0.0
276,0.100531005859375,0.013519417930005329,0.0015958786010742188,0.0007982373464595485,0.0001,"(25, 25)",8,"{'NN__alpha': 0.0001, 'NN__hidden_layer_sizes': (25, 25), 'km__n_clusters': 8}",1.0,1.0,0.5000000000000001,1.0,1.0,0.8999583159649854,0.20003125623998264,277,1.0,1.0,0.49999999999999994,1.0,1.0,0.9,0.20000000000000004
277,0.09873552322387695,0.0048447236049167135,0.0027935028076171873,0.0017160056573550277,0.0001,"(25, 25)",9,"{'NN__alpha': 0.0001, 'NN__hidden_layer_sizes': (25, 25), 'km__n_clusters': 9}",1.0,1.0,1.0,1.0,1.0,1.0,0.0,1,1.0,1.0,1.0,1.0,1.0,1.0,0.0
278,0.11030488014221192,0.007584782101884648,0.0013963699340820313,0.0004886555075578522,0.0001,"(25, 25)",10,"{'NN__alpha': 0.0001, 'NN__hidden_layer_sizes': (25, 25), 'km__n_clusters': 10}",1.0,1.0,1.0,1.0,1.0,1.0,0.0,1,1.0,1.0,1.0,1.0,1.0,1.0,0.0
279,0.13444037437438966,0.00820895392583966,0.0027930736541748047,0.0011635629927156535,0.0001,"(25, 25)",15,"{'NN__alpha': 0.0001, 'NN__hidden_layer_sizes': (25, 25), 'km__n_clusters': 15}",1.0,1.0,1.0,1.0,1.0,1.0,0.0,1,1.0,1.0,1.0,1.0,1.0,1.0,0.0
280,0.17971882820129395,0.020139244026734567,0.001795339584350586,0.0011632027973421794,0.0001,"(25, 25)",20,"{'NN__alpha': 0.0001, 'NN__hidden_layer_sizes': (25, 25), 'km__n_clusters': 20}",1.0,1.0,1.0,1.0,1.0,1.0,0.0,1,1.0,1.0,1.0,1.0,1.0,1.0,0.0
281,0.2238007068634033,0.012482625531922928,0.0033921718597412108,0.0007986074846910856,0.0001,"(25, 25)",25,"{'NN__alpha': 0.0001, 'NN__hidden_layer_sizes': (25, 25), 'km__n_clusters': 25}",1.0,1.0,1.0,1.0,1.0,1.0,0.0,1,1.0,1.0,1.0,1.0,1.0,1.0,0.0
282,0.2624983787536621,0.018820547768197745,0.0019939422607421877,5.917393515582492e-07,0.0001,"(25, 25)",30,"{'NN__alpha': 0.0001, 'NN__hidden_layer_sizes': (25, 25), 'km__n_clusters': 30}",1.0,1.0,1.0,1.0,1.0,1.0,0.0,1,1.0,1.0,1.0,1.0,1.0,1.0,0.0
283,0.31336135864257814,0.011991259044533346,0.002395009994506836,0.0007977026278031856,0.0001,"(25, 25)",35,"{'NN__alpha': 0.0001, 'NN__hidden_layer_sizes': (25, 25), 'km__n_clusters': 35}",1.0,1.0,1.0,1.0,1.0,1.0,0.0,1,1.0,1.0,1.0,1.0,1.0,1.0,0.0
284,0.3408939838409424,0.021884972841928717,0.002193927764892578,0.0009773310276634075,0.0001,"(25, 25)",40,"{'NN__alpha': 0.0001, 'NN__hidden_layer_sizes': (25, 25), 'km__n_clusters': 40}",1.0,1.0,1.0,1.0,1.0,1.0,0.0,1,1.0,1.0,1.0,1.0,1.0,1.0,0.0
285,0.12028212547302246,0.003018409868208211,0.0031919002532958983,0.0007468757109812518,0.0001,"(100, 25, 100)",2,"{'NN__alpha': 0.0001, 'NN__hidden_layer_sizes': (100, 25, 100), 'km__n_clusters': 2}",1.0,0.9906832298136645,1.0,0.9906250000000001,0.996875,0.9956400376450851,0.004225765076860531,237,1.0,0.9953271028037383,0.9929906542056075,0.9953343701399688,0.9937791601866252,0.9954862574671879,0.002431645055681439
286,0.18111629486083985,0.03374208577084053,0.0019940853118896483,7.599533772711385e-07,0.0001,"(100, 25, 100)",3,"{'NN__alpha': 0.0001, 'NN__hidden_layer_sizes': (100, 25, 100), 'km__n_clusters': 3}",0.9937888198757764,0.9906832298136645,1.0,0.9906250000000001,1.0,0.9950186526347675,0.0042234726636012285,253,0.9945482866043612,0.9953271028037383,0.9929906542056075,0.9953343701399688,1.0,0.9956400827507352,0.0023414433800122113
287,0.15338988304138185,0.012269507403282325,0.0029918193817138673,0.0006312788518516353,0.0001,"(100, 25, 100)",4,"{'NN__alpha': 0.0001, 'NN__hidden_layer_sizes': (100, 25, 100), 'km__n_clusters': 4}",1.0,1.0,1.0,1.0,1.0,1.0,0.0,1,1.0,1.0,1.0,1.0,1.0,1.0,0.0
288,0.1466078758239746,0.0070803842023653505,0.0035905838012695312,0.002238825054368089,0.0001,"(100, 25, 100)",5,"{'NN__alpha': 0.0001, 'NN__hidden_layer_sizes': (100, 25, 100), 'km__n_clusters': 5}",1.0,1.0,1.0,1.0,1.0,1.0,0.0,1,1.0,1.0,1.0,1.0,1.0,1.0,0.0
289,0.17433419227600097,0.010785716087498735,0.0025932788848876953,0.0004888114667446539,0.0001,"(100, 25, 100)",6,"{'NN__alpha': 0.0001, 'NN__hidden_layer_sizes': (100, 25, 100), 'km__n_clusters': 6}",1.0,1.0,1.0,1.0,1.0,1.0,0.0,1,1.0,1.0,1.0,1.0,1.0,1.0,0.0
290,0.15558714866638185,0.014063924682407436,0.002992105484008789,0.0006307510186996921,0.0001,"(100, 25, 100)",7,"{'NN__alpha': 0.0001, 'NN__hidden_layer_sizes': (100, 25, 100), 'km__n_clusters': 7}",1.0,1.0,1.0,1.0,1.0,1.0,0.0,1,1.0,1.0,1.0,1.0,1.0,1.0,0.0
291,0.17732596397399902,0.009084112539255233,0.0021940231323242187,0.0003990650889209379,0.0001,"(100, 25, 100)",8,"{'NN__alpha': 0.0001, 'NN__hidden_layer_sizes': (100, 25, 100), 'km__n_clusters': 8}",1.0,1.0,1.0,1.0,1.0,1.0,0.0,1,1.0,1.0,1.0,1.0,1.0,1.0,0.0
292,0.1904913902282715,0.007080081955303912,0.0031909942626953125,0.000976551847939958,0.0001,"(100, 25, 100)",9,"{'NN__alpha': 0.0001, 'NN__hidden_layer_sizes': (100, 25, 100), 'km__n_clusters': 9}",1.0,1.0,1.0,1.0,1.0,1.0,0.0,1,1.0,1.0,1.0,1.0,1.0,1.0,0.0
293,0.17692842483520507,0.0068982088648055495,0.002790403366088867,0.00039768025743120155,0.0001,"(100, 25, 100)",10,"{'NN__alpha': 0.0001, 'NN__hidden_layer_sizes': (100, 25, 100), 'km__n_clusters': 10}",1.0,1.0,1.0,1.0,1.0,1.0,0.0,1,1.0,1.0,1.0,1.0,1.0,1.0,0.0
294,0.23666939735412598,0.010720320724418907,0.0031918048858642577,0.0003994230262585123,0.0001,"(100, 25, 100)",15,"{'NN__alpha': 0.0001, 'NN__hidden_layer_sizes': (100, 25, 100), 'km__n_clusters': 15}",1.0,1.0,1.0,1.0,1.0,1.0,0.0,1,1.0,1.0,1.0,1.0,1.0,1.0,0.0
295,0.25212950706481935,0.015151409073409278,0.002992725372314453,0.0006310527807521888,0.0001,"(100, 25, 100)",20,"{'NN__alpha': 0.0001, 'NN__hidden_layer_sizes': (100, 25, 100), 'km__n_clusters': 20}",1.0,1.0,1.0,1.0,1.0,1.0,0.0,1,1.0,1.0,1.0,1.0,1.0,1.0,0.0
296,0.2977053165435791,0.007383457677022751,0.0033920764923095702,0.00048766433871199705,0.0001,"(100, 25, 100)",25,"{'NN__alpha': 0.0001, 'NN__hidden_layer_sizes': (100, 25, 100), 'km__n_clusters': 25}",1.0,1.0,1.0,1.0,1.0,1.0,0.0,1,1.0,1.0,1.0,1.0,1.0,1.0,0.0
297,0.3426919460296631,0.010548088753699498,0.003796291351318359,0.0009746937058282855,0.0001,"(100, 25, 100)",30,"{'NN__alpha': 0.0001, 'NN__hidden_layer_sizes': (100, 25, 100), 'km__n_clusters': 30}",1.0,1.0,1.0,1.0,0.996875,0.9993760421008755,0.001249217745184762,216,1.0,1.0,1.0,1.0,0.9937791601866252,0.998755832037325,0.002488335925349938
298,0.39853386878967284,0.0240568168883865,0.003191518783569336,0.00039896966451610907,0.0001,"(100, 25, 100)",35,"{'NN__alpha': 0.0001, 'NN__hidden_layer_sizes': (100, 25, 100), 'km__n_clusters': 35}",1.0,1.0,1.0,1.0,1.0,1.0,0.0,1,1.0,1.0,1.0,1.0,1.0,1.0,0.0
299,0.4200757026672363,0.01829721894300488,0.003391265869140625,0.0010172146713118356,0.0001,"(100, 25, 100)",40,"{'NN__alpha': 0.0001, 'NN__hidden_layer_sizes': (100, 25, 100), 'km__n_clusters': 40}",1.0,1.0,1.0,1.0,1.0,1.0,0.0,1,1.0,1.0,1.0,1.0,1.0,1.0,0.0
